plant,part,parasite,group,concentration_mgml,day,lev,animal_dead,data_flag
A. indica,seeds,T. congolense,100mg/ml,100,1,0,FALSE,NA
A. indica,seeds,T. congolense,100mg/ml,100,2,0,FALSE,NA
A. indica,seeds,T. congolense,100mg/ml,100,3,0,FALSE,NA
A. indica,seeds,T. congolense,100mg/ml,100,4,0,FALSE,NA
A. indica,seeds,T. congolense,100mg/ml,100,5,0,FALSE,NA
A. indica,seeds,T. congolense,100mg/ml,100,6,0,FALSE,NA
A. indica,seeds,T. congolense,100mg/ml,100,7,0,FALSE,NA
A. indica,seeds,T. congolense,100mg/ml,100,8,0,FALSE,NA
A. indica,seeds,T. congolense,100mg/ml,100,9,0,FALSE,NA
A. indica,seeds,T. congolense,100mg/ml,100,10,0,FALSE,NA
A. indica,seeds,T. congolense,100mg/ml,100,11,0,FALSE,NA
A. indica,seeds,T. congolense,100mg/ml,100,12,0,FALSE,NA
A. indica,seeds,T. congolense,100mg/ml,100,13,0,FALSE,NA
A. indica,seeds,T. congolense,100mg/ml,100,14,0,FALSE,NA
A. indica,seeds,T. congolense,100mg/ml,100,15,0,FALSE,NA
A. indica,seeds,T. congolense,100mg/ml,100,16,0,FALSE,NA
A. indica,seeds,T. congolense,100mg/ml,100,17,0,FALSE,NA
A. indica,seeds,T. congolense,100mg/ml,100,18,0,FALSE,NA
A. indica,seeds,T. congolense,100mg/ml,100,19,0,FALSE,NA
A. indica,seeds,T. congolense,100mg/ml,100,20,0,FALSE,NA
A. indica,seeds,T. congolense,100mg/ml,100,21,0,FALSE,NA
A. indica,seeds,T. congolense,100mg/ml,100,22,0,FALSE,NA
A. indica,seeds,T. congolense,100mg/ml,100,23,0,FALSE,NA
A. indica,seeds,T. congolense,100mg/ml,100,24,0,FALSE,NA
A. indica,seeds,T. congolense,100mg/ml,100,25,0,FALSE,NA
A. indica,seeds,T. congolense,100mg/ml,100,26,0,FALSE,NA
A. indica,seeds,T. congolense,100mg/ml,100,27,0,FALSE,NA
A. indica,seeds,T. congolense,100mg/ml,100,28,0,FALSE,NA
A. indica,seeds,T. congolense,100mg/ml,100,29,0,FALSE,NA
A. indica,seeds,T. congolense,100mg/ml,100,30,0,FALSE,NA
A. indica,seeds,T. congolense,100mg/ml,100,31,0,FALSE,NA
A. indica,seeds,T. congolense,100mg/ml,100,32,0,FALSE,NA
A. indica,seeds,T. congolense,100mg/ml,100,33,0,FALSE,NA
A. indica,seeds,T. congolense,100mg/ml,100,34,0,FALSE,NA
A. indica,seeds,T. congolense,100mg/ml,100,35,0,FALSE,NA
A. indica,seeds,T. congolense,100mg/ml,100,36,0,FALSE,NA
A. indica,seeds,T. congolense,100mg/ml,100,37,0,FALSE,NA
A. indica,seeds,T. congolense,100mg/ml,100,38,0,FALSE,NA
A. indica,seeds,T. congolense,100mg/ml,100,39,0,FALSE,NA
A. indica,seeds,T. congolense,100mg/ml,100,40,0,FALSE,NA
A. indica,seeds,T. congolense,10mg/ml,10,1,0,FALSE,NA
A. indica,seeds,T. congolense,10mg/ml,10,2,0,FALSE,NA
A. indica,seeds,T. congolense,10mg/ml,10,3,0,FALSE,NA
A. indica,seeds,T. congolense,10mg/ml,10,4,0,FALSE,NA
A. indica,seeds,T. congolense,10mg/ml,10,5,0,FALSE,NA
A. indica,seeds,T. congolense,10mg/ml,10,6,0,FALSE,NA
A. indica,seeds,T. congolense,10mg/ml,10,7,0,FALSE,NA
A. indica,seeds,T. congolense,10mg/ml,10,8,0,FALSE,NA
A. indica,seeds,T. congolense,10mg/ml,10,9,1.23,FALSE,NA
A. indica,seeds,T. congolense,10mg/ml,10,10,1.49,FALSE,NA
A. indica,seeds,T. congolense,10mg/ml,10,11,1.57,FALSE,NA
A. indica,seeds,T. congolense,10mg/ml,10,12,2.63,FALSE,NA
A. indica,seeds,T. congolense,10mg/ml,10,13,3.31,FALSE,NA
A. indica,seeds,T. congolense,10mg/ml,10,14,4.06,FALSE,NA
A. indica,seeds,T. congolense,10mg/ml,10,15,4.45,FALSE,NA
A. indica,seeds,T. congolense,10mg/ml,10,16,4.28,FALSE,NA
A. indica,seeds,T. congolense,10mg/ml,10,17,4.39,FALSE,NA
A. indica,seeds,T. congolense,10mg/ml,10,18,4.3,FALSE,NA
A. indica,seeds,T. congolense,10mg/ml,10,19,3.74,FALSE,NA
A. indica,seeds,T. congolense,10mg/ml,10,20,3.85,FALSE,NA
A. indica,seeds,T. congolense,10mg/ml,10,21,4.35,FALSE,NA
A. indica,seeds,T. congolense,10mg/ml,10,22,4.6,FALSE,NA
A. indica,seeds,T. congolense,10mg/ml,10,23,4.89,FALSE,NA
A. indica,seeds,T. congolense,10mg/ml,10,24,5,FALSE,NA
A. indica,seeds,T. congolense,10mg/ml,10,25,NA,TRUE,NA
A. indica,seeds,T. congolense,10mg/ml,10,26,NA,TRUE,NA
A. indica,seeds,T. congolense,10mg/ml,10,27,NA,TRUE,NA
A. indica,seeds,T. congolense,10mg/ml,10,28,NA,TRUE,NA
A. indica,seeds,T. congolense,10mg/ml,10,29,NA,TRUE,NA
A. indica,seeds,T. congolense,10mg/ml,10,30,NA,TRUE,NA
A. indica,seeds,T. congolense,10mg/ml,10,31,NA,TRUE,NA
A. indica,seeds,T. congolense,10mg/ml,10,32,NA,TRUE,NA
A. indica,seeds,T. congolense,10mg/ml,10,33,NA,TRUE,NA
A. indica,seeds,T. congolense,10mg/ml,10,34,NA,TRUE,NA
A. indica,seeds,T. congolense,10mg/ml,10,35,NA,TRUE,NA
A. indica,seeds,T. congolense,10mg/ml,10,36,NA,TRUE,NA
A. indica,seeds,T. congolense,10mg/ml,10,37,NA,TRUE,NA
A. indica,seeds,T. congolense,10mg/ml,10,38,NA,TRUE,NA
A. indica,seeds,T. congolense,10mg/ml,10,39,NA,TRUE,NA
A. indica,seeds,T. congolense,10mg/ml,10,40,NA,TRUE,NA
A. indica,seeds,T. congolense,0.5mg/ml,0.5,1,0,FALSE,NA
A. indica,seeds,T. congolense,0.5mg/ml,0.5,2,0,FALSE,NA
A. indica,seeds,T. congolense,0.5mg/ml,0.5,3,0,FALSE,NA
A. indica,seeds,T. congolense,0.5mg/ml,0.5,4,0,FALSE,NA
A. indica,seeds,T. congolense,0.5mg/ml,0.5,5,0.41,FALSE,NA
A. indica,seeds,T. congolense,0.5mg/ml,0.5,6,0.77,FALSE,NA
A. indica,seeds,T. congolense,0.5mg/ml,0.5,7,1.97,FALSE,NA
A. indica,seeds,T. congolense,0.5mg/ml,0.5,8,3.13,FALSE,NA
A. indica,seeds,T. congolense,0.5mg/ml,0.5,9,3.78,FALSE,NA
A. indica,seeds,T. congolense,0.5mg/ml,0.5,10,4.22,FALSE,NA
A. indica,seeds,T. congolense,0.5mg/ml,0.5,11,4.49,FALSE,NA
A. indica,seeds,T. congolense,0.5mg/ml,0.5,12,4.79,FALSE,NA
A. indica,seeds,T. congolense,0.5mg/ml,0.5,13,4.84,FALSE,NA
A. indica,seeds,T. congolense,0.5mg/ml,0.5,14,4.65,FALSE,NA
A. indica,seeds,T. congolense,0.5mg/ml,0.5,15,4.7,FALSE,NA
A. indica,seeds,T. congolense,0.5mg/ml,0.5,16,4.9,FALSE,NA
A. indica,seeds,T. congolense,0.5mg/ml,0.5,17,5,FALSE,NA
A. indica,seeds,T. congolense,0.5mg/ml,0.5,18,NA,TRUE,NA
A. indica,seeds,T. congolense,0.5mg/ml,0.5,19,NA,TRUE,NA
A. indica,seeds,T. congolense,0.5mg/ml,0.5,20,NA,TRUE,NA
A. indica,seeds,T. congolense,0.5mg/ml,0.5,21,NA,TRUE,NA
A. indica,seeds,T. congolense,0.5mg/ml,0.5,22,NA,TRUE,NA
A. indica,seeds,T. congolense,0.5mg/ml,0.5,23,NA,TRUE,NA
A. indica,seeds,T. congolense,0.5mg/ml,0.5,24,NA,TRUE,NA
A. indica,seeds,T. congolense,0.5mg/ml,0.5,25,NA,TRUE,NA
A. indica,seeds,T. congolense,0.5mg/ml,0.5,26,NA,TRUE,NA
A. indica,seeds,T. congolense,0.5mg/ml,0.5,27,NA,TRUE,NA
A. indica,seeds,T. congolense,0.5mg/ml,0.5,28,NA,TRUE,NA
A. indica,seeds,T. congolense,0.5mg/ml,0.5,29,NA,TRUE,NA
A. indica,seeds,T. congolense,0.5mg/ml,0.5,30,NA,TRUE,NA
A. indica,seeds,T. congolense,0.5mg/ml,0.5,31,NA,TRUE,NA
A. indica,seeds,T. congolense,0.5mg/ml,0.5,32,NA,TRUE,NA
A. indica,seeds,T. congolense,0.5mg/ml,0.5,33,NA,TRUE,NA
A. indica,seeds,T. congolense,0.5mg/ml,0.5,34,NA,TRUE,NA
A. indica,seeds,T. congolense,0.5mg/ml,0.5,35,NA,TRUE,NA
A. indica,seeds,T. congolense,0.5mg/ml,0.5,36,NA,TRUE,NA
A. indica,seeds,T. congolense,0.5mg/ml,0.5,37,NA,TRUE,NA
A. indica,seeds,T. congolense,0.5mg/ml,0.5,38,NA,TRUE,NA
A. indica,seeds,T. congolense,0.5mg/ml,0.5,39,NA,TRUE,NA
A. indica,seeds,T. congolense,0.5mg/ml,0.5,40,NA,TRUE,NA
A. indica,seeds,T. congolense,0.01mg/ml,0.01,1,0,FALSE,NA
A. indica,seeds,T. congolense,0.01mg/ml,0.01,2,0,FALSE,NA
A. indica,seeds,T. congolense,0.01mg/ml,0.01,3,0,FALSE,NA
A. indica,seeds,T. congolense,0.01mg/ml,0.01,4,0,FALSE,NA
A. indica,seeds,T. congolense,0.01mg/ml,0.01,5,0,FALSE,NA
A. indica,seeds,T. congolense,0.01mg/ml,0.01,6,1.57,FALSE,NA
A. indica,seeds,T. congolense,0.01mg/ml,0.01,7,2.57,FALSE,NA
A. indica,seeds,T. congolense,0.01mg/ml,0.01,8,3.43,FALSE,NA
A. indica,seeds,T. congolense,0.01mg/ml,0.01,9,3.88,FALSE,NA
A. indica,seeds,T. congolense,0.01mg/ml,0.01,10,4.3,FALSE,NA
A. indica,seeds,T. congolense,0.01mg/ml,0.01,11,4.62,FALSE,NA
A. indica,seeds,T. congolense,0.01mg/ml,0.01,12,4.8,FALSE,NA
A. indica,seeds,T. congolense,0.01mg/ml,0.01,13,4.89,FALSE,NA
A. indica,seeds,T. congolense,0.01mg/ml,0.01,14,5,FALSE,NA
A. indica,seeds,T. congolense,0.01mg/ml,0.01,15,5,FALSE,NA
A. indica,seeds,T. congolense,0.01mg/ml,0.01,16,NA,TRUE,NA
A. indica,seeds,T. congolense,0.01mg/ml,0.01,17,NA,TRUE,NA
A. indica,seeds,T. congolense,0.01mg/ml,0.01,18,NA,TRUE,NA
A. indica,seeds,T. congolense,0.01mg/ml,0.01,19,NA,TRUE,NA
A. indica,seeds,T. congolense,0.01mg/ml,0.01,20,NA,TRUE,NA
A. indica,seeds,T. congolense,0.01mg/ml,0.01,21,NA,TRUE,NA
A. indica,seeds,T. congolense,0.01mg/ml,0.01,22,NA,TRUE,NA
A. indica,seeds,T. congolense,0.01mg/ml,0.01,23,NA,TRUE,NA
A. indica,seeds,T. congolense,0.01mg/ml,0.01,24,NA,TRUE,NA
A. indica,seeds,T. congolense,0.01mg/ml,0.01,25,NA,TRUE,NA
A. indica,seeds,T. congolense,0.01mg/ml,0.01,26,NA,TRUE,NA
A. indica,seeds,T. congolense,0.01mg/ml,0.01,27,NA,TRUE,NA
A. indica,seeds,T. congolense,0.01mg/ml,0.01,28,NA,TRUE,NA
A. indica,seeds,T. congolense,0.01mg/ml,0.01,29,NA,TRUE,NA
A. indica,seeds,T. congolense,0.01mg/ml,0.01,30,NA,TRUE,NA
A. indica,seeds,T. congolense,0.01mg/ml,0.01,31,NA,TRUE,NA
A. indica,seeds,T. congolense,0.01mg/ml,0.01,32,NA,TRUE,NA
A. indica,seeds,T. congolense,0.01mg/ml,0.01,33,NA,TRUE,NA
A. indica,seeds,T. congolense,0.01mg/ml,0.01,34,NA,TRUE,NA
A. indica,seeds,T. congolense,0.01mg/ml,0.01,35,NA,TRUE,NA
A. indica,seeds,T. congolense,0.01mg/ml,0.01,36,NA,TRUE,NA
A. indica,seeds,T. congolense,0.01mg/ml,0.01,37,NA,TRUE,NA
A. indica,seeds,T. congolense,0.01mg/ml,0.01,38,NA,TRUE,NA
A. indica,seeds,T. congolense,0.01mg/ml,0.01,39,NA,TRUE,NA
A. indica,seeds,T. congolense,0.01mg/ml,0.01,40,NA,TRUE,NA
A. indica,seeds,T. congolense,0.005mg/ml,0.005,1,0,FALSE,NA
A. indica,seeds,T. congolense,0.005mg/ml,0.005,2,0,FALSE,NA
A. indica,seeds,T. congolense,0.005mg/ml,0.005,3,0,FALSE,NA
A. indica,seeds,T. congolense,0.005mg/ml,0.005,4,0,FALSE,NA
A. indica,seeds,T. congolense,0.005mg/ml,0.005,5,0,FALSE,NA
A. indica,seeds,T. congolense,0.005mg/ml,0.005,6,0,FALSE,NA
A. indica,seeds,T. congolense,0.005mg/ml,0.005,7,0,FALSE,NA
A. indica,seeds,T. congolense,0.005mg/ml,0.005,8,0,FALSE,NA
A. indica,seeds,T. congolense,0.005mg/ml,0.005,9,0,FALSE,NA
A. indica,seeds,T. congolense,0.005mg/ml,0.005,10,0,FALSE,NA
A. indica,seeds,T. congolense,0.005mg/ml,0.005,11,0,FALSE,NA
A. indica,seeds,T. congolense,0.005mg/ml,0.005,12,0,FALSE,NA
A. indica,seeds,T. congolense,0.005mg/ml,0.005,13,0,FALSE,NA
A. indica,seeds,T. congolense,0.005mg/ml,0.005,14,0.41,FALSE,NA
A. indica,seeds,T. congolense,0.005mg/ml,0.005,15,1.23,FALSE,NA
A. indica,seeds,T. congolense,0.005mg/ml,0.005,16,1.33,FALSE,NA
A. indica,seeds,T. congolense,0.005mg/ml,0.005,17,1.43,FALSE,NA
A. indica,seeds,T. congolense,0.005mg/ml,0.005,18,1.49,FALSE,NA
A. indica,seeds,T. congolense,0.005mg/ml,0.005,19,1.63,FALSE,NA
A. indica,seeds,T. congolense,0.005mg/ml,0.005,20,1.67,FALSE,NA
A. indica,seeds,T. congolense,0.005mg/ml,0.005,21,2.13,FALSE,NA
A. indica,seeds,T. congolense,0.005mg/ml,0.005,22,2.77,FALSE,NA
A. indica,seeds,T. congolense,0.005mg/ml,0.005,23,1.5,FALSE,NA
A. indica,seeds,T. congolense,0.005mg/ml,0.005,24,1.5,FALSE,NA
A. indica,seeds,T. congolense,0.005mg/ml,0.005,25,1.5,FALSE,NA
A. indica,seeds,T. congolense,0.005mg/ml,0.005,26,1.65,FALSE,NA
A. indica,seeds,T. congolense,0.005mg/ml,0.005,27,1.65,FALSE,NA
A. indica,seeds,T. congolense,0.005mg/ml,0.005,28,1.65,FALSE,NA
A. indica,seeds,T. congolense,0.005mg/ml,0.005,29,1.65,FALSE,NA
A. indica,seeds,T. congolense,0.005mg/ml,0.005,30,2,FALSE,NA
A. indica,seeds,T. congolense,0.005mg/ml,0.005,31,2,FALSE,NA
A. indica,seeds,T. congolense,0.005mg/ml,0.005,32,2,FALSE,NA
A. indica,seeds,T. congolense,0.005mg/ml,0.005,33,2.35,FALSE,NA
A. indica,seeds,T. congolense,0.005mg/ml,0.005,34,2.45,FALSE,NA
A. indica,seeds,T. congolense,0.005mg/ml,0.005,35,2.5,FALSE,NA
A. indica,seeds,T. congolense,0.005mg/ml,0.005,36,NA,TRUE,NA
A. indica,seeds,T. congolense,0.005mg/ml,0.005,37,NA,TRUE,NA
A. indica,seeds,T. congolense,0.005mg/ml,0.005,38,NA,TRUE,NA
A. indica,seeds,T. congolense,0.005mg/ml,0.005,39,NA,TRUE,NA
A. indica,seeds,T. congolense,0.005mg/ml,0.005,40,NA,TRUE,NA
A. indica,seeds,T. congolense,Negative Control,NA,1,0,FALSE,NA
A. indica,seeds,T. congolense,Negative Control,NA,2,0,FALSE,NA
A. indica,seeds,T. congolense,Negative Control,NA,3,0,FALSE,NA
A. indica,seeds,T. congolense,Negative Control,NA,4,0,FALSE,NA
A. indica,seeds,T. congolense,Negative Control,NA,5,1.73,FALSE,NA
A. indica,seeds,T. congolense,Negative Control,NA,6,2.56,FALSE,NA
A. indica,seeds,T. congolense,Negative Control,NA,7,3.57,FALSE,NA
A. indica,seeds,T. congolense,Negative Control,NA,8,4.3,FALSE,NA
A. indica,seeds,T. congolense,Negative Control,NA,9,4.49,FALSE,NA
A. indica,seeds,T. congolense,Negative Control,NA,10,4.59,FALSE,NA
A. indica,seeds,T. congolense,Negative Control,NA,11,4.35,FALSE,NA
A. indica,seeds,T. congolense,Negative Control,NA,12,4.59,FALSE,NA
A. indica,seeds,T. congolense,Negative Control,NA,13,4.7,FALSE,NA
A. indica,seeds,T. congolense,Negative Control,NA,14,4.9,FALSE,NA
A. indica,seeds,T. congolense,Negative Control,NA,15,5,FALSE,NA
A. indica,seeds,T. congolense,Negative Control,NA,16,5,FALSE,NA
A. indica,seeds,T. congolense,Negative Control,NA,17,NA,TRUE,NA
A. indica,seeds,T. congolense,Negative Control,NA,18,NA,TRUE,NA
A. indica,seeds,T. congolense,Negative Control,NA,19,NA,TRUE,NA
A. indica,seeds,T. congolense,Negative Control,NA,20,NA,TRUE,NA
A. indica,seeds,T. congolense,Negative Control,NA,21,NA,TRUE,NA
A. indica,seeds,T. congolense,Negative Control,NA,22,NA,TRUE,NA
A. indica,seeds,T. congolense,Negative Control,NA,23,NA,TRUE,NA
A. indica,seeds,T. congolense,Negative Control,NA,24,NA,TRUE,NA
A. indica,seeds,T. congolense,Negative Control,NA,25,NA,TRUE,NA
A. indica,seeds,T. congolense,Negative Control,NA,26,NA,TRUE,NA
A. indica,seeds,T. congolense,Negative Control,NA,27,NA,TRUE,NA
A. indica,seeds,T. congolense,Negative Control,NA,28,NA,TRUE,NA
A. indica,seeds,T. congolense,Negative Control,NA,29,NA,TRUE,NA
A. indica,seeds,T. congolense,Negative Control,NA,30,NA,TRUE,NA
A. indica,seeds,T. congolense,Negative Control,NA,31,NA,TRUE,NA
A. indica,seeds,T. congolense,Negative Control,NA,32,NA,TRUE,NA
A. indica,seeds,T. congolense,Negative Control,NA,33,NA,TRUE,NA
A. indica,seeds,T. congolense,Negative Control,NA,34,NA,TRUE,NA
A. indica,seeds,T. congolense,Negative Control,NA,35,NA,TRUE,NA
A. indica,seeds,T. congolense,Negative Control,NA,36,NA,TRUE,NA
A. indica,seeds,T. congolense,Negative Control,NA,37,NA,TRUE,NA
A. indica,seeds,T. congolense,Negative Control,NA,38,NA,TRUE,NA
A. indica,seeds,T. congolense,Negative Control,NA,39,NA,TRUE,NA
A. indica,seeds,T. congolense,Negative Control,NA,40,NA,TRUE,NA
A. indica,seeds,T. congolense,Positive Control,NA,1,0,FALSE,NA
A. indica,seeds,T. congolense,Positive Control,NA,2,0,FALSE,NA
A. indica,seeds,T. congolense,Positive Control,NA,3,0,FALSE,NA
A. indica,seeds,T. congolense,Positive Control,NA,4,0,FALSE,NA
A. indica,seeds,T. congolense,Positive Control,NA,5,0,FALSE,NA
A. indica,seeds,T. congolense,Positive Control,NA,6,0,FALSE,NA
A. indica,seeds,T. congolense,Positive Control,NA,7,0,FALSE,NA
A. indica,seeds,T. congolense,Positive Control,NA,8,0,FALSE,NA
A. indica,seeds,T. congolense,Positive Control,NA,9,0,FALSE,NA
A. indica,seeds,T. congolense,Positive Control,NA,10,0,FALSE,NA
A. indica,seeds,T. congolense,Positive Control,NA,11,0,FALSE,NA
A. indica,seeds,T. congolense,Positive Control,NA,12,0,FALSE,NA
A. indica,seeds,T. congolense,Positive Control,NA,13,0,FALSE,NA
A. indica,seeds,T. congolense,Positive Control,NA,14,0,FALSE,NA
A. indica,seeds,T. congolense,Positive Control,NA,15,0,FALSE,NA
A. indica,seeds,T. congolense,Positive Control,NA,16,0,FALSE,NA
A. indica,seeds,T. congolense,Positive Control,NA,17,0,FALSE,NA
A. indica,seeds,T. congolense,Positive Control,NA,18,0,FALSE,NA
A. indica,seeds,T. congolense,Positive Control,NA,19,0,FALSE,NA
A. indica,seeds,T. congolense,Positive Control,NA,20,0,FALSE,NA
A. indica,seeds,T. congolense,Positive Control,NA,21,0,FALSE,NA
A. indica,seeds,T. congolense,Positive Control,NA,22,0,FALSE,NA
A. indica,seeds,T. congolense,Positive Control,NA,23,0,FALSE,NA
A. indica,seeds,T. congolense,Positive Control,NA,24,0,FALSE,NA
A. indica,seeds,T. congolense,Positive Control,NA,25,0,FALSE,NA
A. indica,seeds,T. congolense,Positive Control,NA,26,0,FALSE,NA
A. indica,seeds,T. congolense,Positive Control,NA,27,0,FALSE,NA
A. indica,seeds,T. congolense,Positive Control,NA,28,0,FALSE,NA
A. indica,seeds,T. congolense,Positive Control,NA,29,0,FALSE,NA
A. indica,seeds,T. congolense,Positive Control,NA,30,0,FALSE,NA
A. indica,seeds,T. congolense,Positive Control,NA,31,0,FALSE,NA
A. indica,seeds,T. congolense,Positive Control,NA,32,0,FALSE,NA
A. indica,seeds,T. congolense,Positive Control,NA,33,0,FALSE,NA
A. indica,seeds,T. congolense,Positive Control,NA,34,0,FALSE,NA
A. indica,seeds,T. congolense,Positive Control,NA,35,0,FALSE,NA
A. indica,seeds,T. congolense,Positive Control,NA,36,0,FALSE,NA
A. indica,seeds,T. congolense,Positive Control,NA,37,0,FALSE,NA
A. indica,seeds,T. congolense,Positive Control,NA,38,0,FALSE,NA
A. indica,seeds,T. congolense,Positive Control,NA,39,0,FALSE,NA
A. indica,seeds,T. congolense,Positive Control,NA,40,0,FALSE,NA
A. indica,roots,T. congolense,100mg/ml,100,1,0,FALSE,NA
A. indica,roots,T. congolense,100mg/ml,100,2,0,FALSE,NA
A. indica,roots,T. congolense,100mg/ml,100,3,0,FALSE,NA
A. indica,roots,T. congolense,100mg/ml,100,4,0,FALSE,NA
A. indica,roots,T. congolense,100mg/ml,100,5,0,FALSE,NA
A. indica,roots,T. congolense,100mg/ml,100,6,0,FALSE,NA
A. indica,roots,T. congolense,100mg/ml,100,7,0,FALSE,NA
A. indica,roots,T. congolense,100mg/ml,100,8,0,FALSE,NA
A. indica,roots,T. congolense,100mg/ml,100,9,0,FALSE,NA
A. indica,roots,T. congolense,100mg/ml,100,10,0,FALSE,NA
A. indica,roots,T. congolense,100mg/ml,100,11,0,FALSE,NA
A. indica,roots,T. congolense,100mg/ml,100,12,0,FALSE,NA
A. indica,roots,T. congolense,100mg/ml,100,13,0,FALSE,NA
A. indica,roots,T. congolense,100mg/ml,100,14,0,FALSE,NA
A. indica,roots,T. congolense,100mg/ml,100,15,0,FALSE,NA
A. indica,roots,T. congolense,100mg/ml,100,16,0,FALSE,NA
A. indica,roots,T. congolense,100mg/ml,100,17,0,FALSE,NA
A. indica,roots,T. congolense,100mg/ml,100,18,0,FALSE,NA
A. indica,roots,T. congolense,100mg/ml,100,19,0,FALSE,NA
A. indica,roots,T. congolense,100mg/ml,100,20,0,FALSE,NA
A. indica,roots,T. congolense,100mg/ml,100,21,0,FALSE,NA
A. indica,roots,T. congolense,100mg/ml,100,22,0,FALSE,NA
A. indica,roots,T. congolense,100mg/ml,100,23,0,FALSE,NA
A. indica,roots,T. congolense,100mg/ml,100,24,0,FALSE,NA
A. indica,roots,T. congolense,100mg/ml,100,25,0,FALSE,NA
A. indica,roots,T. congolense,100mg/ml,100,26,0,FALSE,NA
A. indica,roots,T. congolense,100mg/ml,100,27,0,FALSE,NA
A. indica,roots,T. congolense,100mg/ml,100,28,0,FALSE,NA
A. indica,roots,T. congolense,100mg/ml,100,29,0,FALSE,NA
A. indica,roots,T. congolense,100mg/ml,100,30,0,FALSE,NA
A. indica,roots,T. congolense,100mg/ml,100,31,0,FALSE,NA
A. indica,roots,T. congolense,100mg/ml,100,32,0,FALSE,NA
A. indica,roots,T. congolense,100mg/ml,100,33,0,FALSE,NA
A. indica,roots,T. congolense,100mg/ml,100,34,0,FALSE,NA
A. indica,roots,T. congolense,100mg/ml,100,35,0,FALSE,NA
A. indica,roots,T. congolense,100mg/ml,100,36,0,FALSE,NA
A. indica,roots,T. congolense,100mg/ml,100,37,0,FALSE,NA
A. indica,roots,T. congolense,100mg/ml,100,38,0,FALSE,NA
A. indica,roots,T. congolense,100mg/ml,100,39,0,FALSE,NA
A. indica,roots,T. congolense,100mg/ml,100,40,0,FALSE,NA
A. indica,roots,T. congolense,10mg/ml,10,1,0,FALSE,NA
A. indica,roots,T. congolense,10mg/ml,10,2,0,FALSE,NA
A. indica,roots,T. congolense,10mg/ml,10,3,0,FALSE,NA
A. indica,roots,T. congolense,10mg/ml,10,4,0,FALSE,NA
A. indica,roots,T. congolense,10mg/ml,10,5,0,FALSE,NA
A. indica,roots,T. congolense,10mg/ml,10,6,0,FALSE,NA
A. indica,roots,T. congolense,10mg/ml,10,7,2.5,FALSE,NA
A. indica,roots,T. congolense,10mg/ml,10,8,3.57,FALSE,NA
A. indica,roots,T. congolense,10mg/ml,10,9,4.16,FALSE,NA
A. indica,roots,T. congolense,10mg/ml,10,10,4.59,FALSE,NA
A. indica,roots,T. congolense,10mg/ml,10,11,4.98,FALSE,NA
A. indica,roots,T. congolense,10mg/ml,10,12,5,FALSE,NA
A. indica,roots,T. congolense,10mg/ml,10,13,NA,TRUE,NA
A. indica,roots,T. congolense,10mg/ml,10,14,NA,TRUE,NA
A. indica,roots,T. congolense,10mg/ml,10,15,NA,TRUE,NA
A. indica,roots,T. congolense,10mg/ml,10,16,NA,TRUE,NA
A. indica,roots,T. congolense,10mg/ml,10,17,NA,TRUE,NA
A. indica,roots,T. congolense,10mg/ml,10,18,NA,TRUE,NA
A. indica,roots,T. congolense,10mg/ml,10,19,NA,TRUE,NA
A. indica,roots,T. congolense,10mg/ml,10,20,NA,TRUE,NA
A. indica,roots,T. congolense,10mg/ml,10,21,NA,TRUE,NA
A. indica,roots,T. congolense,10mg/ml,10,22,NA,TRUE,NA
A. indica,roots,T. congolense,10mg/ml,10,23,NA,TRUE,NA
A. indica,roots,T. congolense,10mg/ml,10,24,NA,TRUE,NA
A. indica,roots,T. congolense,10mg/ml,10,25,NA,TRUE,NA
A. indica,roots,T. congolense,10mg/ml,10,26,NA,TRUE,NA
A. indica,roots,T. congolense,10mg/ml,10,27,NA,TRUE,NA
A. indica,roots,T. congolense,10mg/ml,10,28,NA,TRUE,NA
A. indica,roots,T. congolense,10mg/ml,10,29,NA,TRUE,NA
A. indica,roots,T. congolense,10mg/ml,10,30,NA,TRUE,NA
A. indica,roots,T. congolense,10mg/ml,10,31,NA,TRUE,NA
A. indica,roots,T. congolense,10mg/ml,10,32,NA,TRUE,NA
A. indica,roots,T. congolense,10mg/ml,10,33,NA,TRUE,NA
A. indica,roots,T. congolense,10mg/ml,10,34,NA,TRUE,NA
A. indica,roots,T. congolense,10mg/ml,10,35,NA,TRUE,NA
A. indica,roots,T. congolense,10mg/ml,10,36,NA,TRUE,NA
A. indica,roots,T. congolense,10mg/ml,10,37,NA,TRUE,NA
A. indica,roots,T. congolense,10mg/ml,10,38,NA,TRUE,NA
A. indica,roots,T. congolense,10mg/ml,10,39,NA,TRUE,NA
A. indica,roots,T. congolense,10mg/ml,10,40,NA,TRUE,NA
A. indica,roots,T. congolense,0.5mg/ml,0.5,1,0,FALSE,NA
A. indica,roots,T. congolense,0.5mg/ml,0.5,2,0,FALSE,NA
A. indica,roots,T. congolense,0.5mg/ml,0.5,3,0,FALSE,NA
A. indica,roots,T. congolense,0.5mg/ml,0.5,4,0,FALSE,NA
A. indica,roots,T. congolense,0.5mg/ml,0.5,5,0,FALSE,NA
A. indica,roots,T. congolense,0.5mg/ml,0.5,6,3,FALSE,NA
A. indica,roots,T. congolense,0.5mg/ml,0.5,7,3.9,FALSE,NA
A. indica,roots,T. congolense,0.5mg/ml,0.5,8,4.67,FALSE,NA
A. indica,roots,T. congolense,0.5mg/ml,0.5,9,4.88,FALSE,NA
A. indica,roots,T. congolense,0.5mg/ml,0.5,10,5,FALSE,NA
A. indica,roots,T. congolense,0.5mg/ml,0.5,11,NA,TRUE,NA
A. indica,roots,T. congolense,0.5mg/ml,0.5,12,NA,TRUE,NA
A. indica,roots,T. congolense,0.5mg/ml,0.5,13,NA,TRUE,NA
A. indica,roots,T. congolense,0.5mg/ml,0.5,14,NA,TRUE,NA
A. indica,roots,T. congolense,0.5mg/ml,0.5,15,NA,TRUE,NA
A. indica,roots,T. congolense,0.5mg/ml,0.5,16,NA,TRUE,NA
A. indica,roots,T. congolense,0.5mg/ml,0.5,17,NA,TRUE,NA
A. indica,roots,T. congolense,0.5mg/ml,0.5,18,NA,TRUE,NA
A. indica,roots,T. congolense,0.5mg/ml,0.5,19,NA,TRUE,NA
A. indica,roots,T. congolense,0.5mg/ml,0.5,20,NA,TRUE,NA
A. indica,roots,T. congolense,0.5mg/ml,0.5,21,NA,TRUE,NA
A. indica,roots,T. congolense,0.5mg/ml,0.5,22,NA,TRUE,NA
A. indica,roots,T. congolense,0.5mg/ml,0.5,23,NA,TRUE,NA
A. indica,roots,T. congolense,0.5mg/ml,0.5,24,NA,TRUE,NA
A. indica,roots,T. congolense,0.5mg/ml,0.5,25,NA,TRUE,NA
A. indica,roots,T. congolense,0.5mg/ml,0.5,26,NA,TRUE,NA
A. indica,roots,T. congolense,0.5mg/ml,0.5,27,NA,TRUE,NA
A. indica,roots,T. congolense,0.5mg/ml,0.5,28,NA,TRUE,NA
A. indica,roots,T. congolense,0.5mg/ml,0.5,29,NA,TRUE,NA
A. indica,roots,T. congolense,0.5mg/ml,0.5,30,NA,TRUE,NA
A. indica,roots,T. congolense,0.5mg/ml,0.5,31,NA,TRUE,NA
A. indica,roots,T. congolense,0.5mg/ml,0.5,32,NA,TRUE,NA
A. indica,roots,T. congolense,0.5mg/ml,0.5,33,NA,TRUE,NA
A. indica,roots,T. congolense,0.5mg/ml,0.5,34,NA,TRUE,NA
A. indica,roots,T. congolense,0.5mg/ml,0.5,35,NA,TRUE,NA
A. indica,roots,T. congolense,0.5mg/ml,0.5,36,NA,TRUE,NA
A. indica,roots,T. congolense,0.5mg/ml,0.5,37,NA,TRUE,NA
A. indica,roots,T. congolense,0.5mg/ml,0.5,38,NA,TRUE,NA
A. indica,roots,T. congolense,0.5mg/ml,0.5,39,NA,TRUE,NA
A. indica,roots,T. congolense,0.5mg/ml,0.5,40,NA,TRUE,NA
A. indica,roots,T. congolense,0.01mg/ml,0.01,1,0,FALSE,NA
A. indica,roots,T. congolense,0.01mg/ml,0.01,2,0,FALSE,NA
A. indica,roots,T. congolense,0.01mg/ml,0.01,3,0,FALSE,NA
A. indica,roots,T. congolense,0.01mg/ml,0.01,4,0,FALSE,NA
A. indica,roots,T. congolense,0.01mg/ml,0.01,5,0,FALSE,NA
A. indica,roots,T. congolense,0.01mg/ml,0.01,6,1.41,FALSE,NA
A. indica,roots,T. congolense,0.01mg/ml,0.01,7,2.74,FALSE,NA
A. indica,roots,T. congolense,0.01mg/ml,0.01,8,4.1,FALSE,NA
A. indica,roots,T. congolense,0.01mg/ml,0.01,9,4.39,FALSE,NA
A. indica,roots,T. congolense,0.01mg/ml,0.01,10,4.69,FALSE,NA
A. indica,roots,T. congolense,0.01mg/ml,0.01,11,4.99,FALSE,NA
A. indica,roots,T. congolense,0.01mg/ml,0.01,12,5,FALSE,NA
A. indica,roots,T. congolense,0.01mg/ml,0.01,13,NA,TRUE,NA
A. indica,roots,T. congolense,0.01mg/ml,0.01,14,NA,TRUE,NA
A. indica,roots,T. congolense,0.01mg/ml,0.01,15,NA,TRUE,NA
A. indica,roots,T. congolense,0.01mg/ml,0.01,16,NA,TRUE,NA
A. indica,roots,T. congolense,0.01mg/ml,0.01,17,NA,TRUE,NA
A. indica,roots,T. congolense,0.01mg/ml,0.01,18,NA,TRUE,NA
A. indica,roots,T. congolense,0.01mg/ml,0.01,19,NA,TRUE,NA
A. indica,roots,T. congolense,0.01mg/ml,0.01,20,NA,TRUE,NA
A. indica,roots,T. congolense,0.01mg/ml,0.01,21,NA,TRUE,NA
A. indica,roots,T. congolense,0.01mg/ml,0.01,22,NA,TRUE,NA
A. indica,roots,T. congolense,0.01mg/ml,0.01,23,NA,TRUE,NA
A. indica,roots,T. congolense,0.01mg/ml,0.01,24,NA,TRUE,NA
A. indica,roots,T. congolense,0.01mg/ml,0.01,25,NA,TRUE,NA
A. indica,roots,T. congolense,0.01mg/ml,0.01,26,NA,TRUE,NA
A. indica,roots,T. congolense,0.01mg/ml,0.01,27,NA,TRUE,NA
A. indica,roots,T. congolense,0.01mg/ml,0.01,28,NA,TRUE,NA
A. indica,roots,T. congolense,0.01mg/ml,0.01,29,NA,TRUE,NA
A. indica,roots,T. congolense,0.01mg/ml,0.01,30,NA,TRUE,NA
A. indica,roots,T. congolense,0.01mg/ml,0.01,31,NA,TRUE,NA
A. indica,roots,T. congolense,0.01mg/ml,0.01,32,NA,TRUE,NA
A. indica,roots,T. congolense,0.01mg/ml,0.01,33,NA,TRUE,NA
A. indica,roots,T. congolense,0.01mg/ml,0.01,34,NA,TRUE,NA
A. indica,roots,T. congolense,0.01mg/ml,0.01,35,NA,TRUE,NA
A. indica,roots,T. congolense,0.01mg/ml,0.01,36,NA,TRUE,NA
A. indica,roots,T. congolense,0.01mg/ml,0.01,37,NA,TRUE,NA
A. indica,roots,T. congolense,0.01mg/ml,0.01,38,NA,TRUE,NA
A. indica,roots,T. congolense,0.01mg/ml,0.01,39,NA,TRUE,NA
A. indica,roots,T. congolense,0.01mg/ml,0.01,40,NA,TRUE,NA
A. indica,roots,T. congolense,0.005mg/ml,0.005,1,0,FALSE,NA
A. indica,roots,T. congolense,0.005mg/ml,0.005,2,0,FALSE,NA
A. indica,roots,T. congolense,0.005mg/ml,0.005,3,0,FALSE,NA
A. indica,roots,T. congolense,0.005mg/ml,0.005,4,0,FALSE,NA
A. indica,roots,T. congolense,0.005mg/ml,0.005,5,0,FALSE,NA
A. indica,roots,T. congolense,0.005mg/ml,0.005,6,1.41,FALSE,NA
A. indica,roots,T. congolense,0.005mg/ml,0.005,7,3.23,FALSE,NA
A. indica,roots,T. congolense,0.005mg/ml,0.005,8,4.2,FALSE,NA
A. indica,roots,T. congolense,0.005mg/ml,0.005,9,4.72,FALSE,NA
A. indica,roots,T. congolense,0.005mg/ml,0.005,10,4.86,FALSE,NA
A. indica,roots,T. congolense,0.005mg/ml,0.005,11,5,FALSE,NA
A. indica,roots,T. congolense,0.005mg/ml,0.005,12,NA,TRUE,NA
A. indica,roots,T. congolense,0.005mg/ml,0.005,13,NA,TRUE,NA
A. indica,roots,T. congolense,0.005mg/ml,0.005,14,NA,TRUE,NA
A. indica,roots,T. congolense,0.005mg/ml,0.005,15,NA,TRUE,NA
A. indica,roots,T. congolense,0.005mg/ml,0.005,16,NA,TRUE,NA
A. indica,roots,T. congolense,0.005mg/ml,0.005,17,NA,TRUE,NA
A. indica,roots,T. congolense,0.005mg/ml,0.005,18,NA,TRUE,NA
A. indica,roots,T. congolense,0.005mg/ml,0.005,19,NA,TRUE,NA
A. indica,roots,T. congolense,0.005mg/ml,0.005,20,NA,TRUE,NA
A. indica,roots,T. congolense,0.005mg/ml,0.005,21,NA,TRUE,NA
A. indica,roots,T. congolense,0.005mg/ml,0.005,22,NA,TRUE,NA
A. indica,roots,T. congolense,0.005mg/ml,0.005,23,NA,TRUE,NA
A. indica,roots,T. congolense,0.005mg/ml,0.005,24,NA,TRUE,NA
A. indica,roots,T. congolense,0.005mg/ml,0.005,25,NA,TRUE,NA
A. indica,roots,T. congolense,0.005mg/ml,0.005,26,NA,TRUE,NA
A. indica,roots,T. congolense,0.005mg/ml,0.005,27,NA,TRUE,NA
A. indica,roots,T. congolense,0.005mg/ml,0.005,28,NA,TRUE,NA
A. indica,roots,T. congolense,0.005mg/ml,0.005,29,NA,TRUE,NA
A. indica,roots,T. congolense,0.005mg/ml,0.005,30,NA,TRUE,NA
A. indica,roots,T. congolense,0.005mg/ml,0.005,31,NA,TRUE,NA
A. indica,roots,T. congolense,0.005mg/ml,0.005,32,NA,TRUE,NA
A. indica,roots,T. congolense,0.005mg/ml,0.005,33,NA,TRUE,NA
A. indica,roots,T. congolense,0.005mg/ml,0.005,34,NA,TRUE,NA
A. indica,roots,T. congolense,0.005mg/ml,0.005,35,NA,TRUE,NA
A. indica,roots,T. congolense,0.005mg/ml,0.005,36,NA,TRUE,NA
A. indica,roots,T. congolense,0.005mg/ml,0.005,37,NA,TRUE,NA
A. indica,roots,T. congolense,0.005mg/ml,0.005,38,NA,TRUE,NA
A. indica,roots,T. congolense,0.005mg/ml,0.005,39,NA,TRUE,NA
A. indica,roots,T. congolense,0.005mg/ml,0.005,40,NA,TRUE,NA
A. indica,roots,T. congolense,Negative Control,NA,1,0,FALSE,NA
A. indica,roots,T. congolense,Negative Control,NA,2,0,FALSE,NA
A. indica,roots,T. congolense,Negative Control,NA,3,0,FALSE,NA
A. indica,roots,T. congolense,Negative Control,NA,4,1.23,FALSE,NA
A. indica,roots,T. congolense,Negative Control,NA,5,3.33,FALSE,NA
A. indica,roots,T. congolense,Negative Control,NA,6,4.23,FALSE,NA
A. indica,roots,T. congolense,Negative Control,NA,7,4.69,FALSE,NA
A. indica,roots,T. congolense,Negative Control,NA,8,4.7,FALSE,NA
A. indica,roots,T. congolense,Negative Control,NA,9,4.9,FALSE,NA
A. indica,roots,T. congolense,Negative Control,NA,10,5,FALSE,NA
A. indica,roots,T. congolense,Negative Control,NA,11,NA,TRUE,NA
A. indica,roots,T. congolense,Negative Control,NA,12,NA,TRUE,NA
A. indica,roots,T. congolense,Negative Control,NA,13,NA,TRUE,NA
A. indica,roots,T. congolense,Negative Control,NA,14,NA,TRUE,NA
A. indica,roots,T. congolense,Negative Control,NA,15,NA,TRUE,NA
A. indica,roots,T. congolense,Negative Control,NA,16,NA,TRUE,NA
A. indica,roots,T. congolense,Negative Control,NA,17,NA,TRUE,NA
A. indica,roots,T. congolense,Negative Control,NA,18,NA,TRUE,NA
A. indica,roots,T. congolense,Negative Control,NA,19,NA,TRUE,NA
A. indica,roots,T. congolense,Negative Control,NA,20,NA,TRUE,NA
A. indica,roots,T. congolense,Negative Control,NA,21,NA,TRUE,NA
A. indica,roots,T. congolense,Negative Control,NA,22,NA,TRUE,NA
A. indica,roots,T. congolense,Negative Control,NA,23,NA,TRUE,NA
A. indica,roots,T. congolense,Negative Control,NA,24,NA,TRUE,NA
A. indica,roots,T. congolense,Negative Control,NA,25,NA,TRUE,NA
A. indica,roots,T. congolense,Negative Control,NA,26,NA,TRUE,NA
A. indica,roots,T. congolense,Negative Control,NA,27,NA,TRUE,NA
A. indica,roots,T. congolense,Negative Control,NA,28,NA,TRUE,NA
A. indica,roots,T. congolense,Negative Control,NA,29,NA,TRUE,NA
A. indica,roots,T. congolense,Negative Control,NA,30,NA,TRUE,NA
A. indica,roots,T. congolense,Negative Control,NA,31,NA,TRUE,NA
A. indica,roots,T. congolense,Negative Control,NA,32,NA,TRUE,NA
A. indica,roots,T. congolense,Negative Control,NA,33,NA,TRUE,NA
A. indica,roots,T. congolense,Negative Control,NA,34,NA,TRUE,NA
A. indica,roots,T. congolense,Negative Control,NA,35,NA,TRUE,NA
A. indica,roots,T. congolense,Negative Control,NA,36,NA,TRUE,NA
A. indica,roots,T. congolense,Negative Control,NA,37,NA,TRUE,NA
A. indica,roots,T. congolense,Negative Control,NA,38,NA,TRUE,NA
A. indica,roots,T. congolense,Negative Control,NA,39,NA,TRUE,NA
A. indica,roots,T. congolense,Negative Control,NA,40,NA,TRUE,NA
A. indica,roots,T. congolense,Positive Control,NA,1,0,FALSE,NA
A. indica,roots,T. congolense,Positive Control,NA,2,0,FALSE,NA
A. indica,roots,T. congolense,Positive Control,NA,3,0,FALSE,NA
A. indica,roots,T. congolense,Positive Control,NA,4,0,FALSE,NA
A. indica,roots,T. congolense,Positive Control,NA,5,0,FALSE,NA
A. indica,roots,T. congolense,Positive Control,NA,6,0,FALSE,NA
A. indica,roots,T. congolense,Positive Control,NA,7,0,FALSE,NA
A. indica,roots,T. congolense,Positive Control,NA,8,0,FALSE,NA
A. indica,roots,T. congolense,Positive Control,NA,9,0,FALSE,NA
A. indica,roots,T. congolense,Positive Control,NA,10,0,FALSE,NA
A. indica,roots,T. congolense,Positive Control,NA,11,0,FALSE,NA
A. indica,roots,T. congolense,Positive Control,NA,12,0,FALSE,NA
A. indica,roots,T. congolense,Positive Control,NA,13,0,FALSE,NA
A. indica,roots,T. congolense,Positive Control,NA,14,0,FALSE,NA
A. indica,roots,T. congolense,Positive Control,NA,15,0,FALSE,NA
A. indica,roots,T. congolense,Positive Control,NA,16,0,FALSE,NA
A. indica,roots,T. congolense,Positive Control,NA,17,0,FALSE,NA
A. indica,roots,T. congolense,Positive Control,NA,18,0,FALSE,NA
A. indica,roots,T. congolense,Positive Control,NA,19,0,FALSE,NA
A. indica,roots,T. congolense,Positive Control,NA,20,0,FALSE,NA
A. indica,roots,T. congolense,Positive Control,NA,21,0,FALSE,NA
A. indica,roots,T. congolense,Positive Control,NA,22,0,FALSE,NA
A. indica,roots,T. congolense,Positive Control,NA,23,0,FALSE,NA
A. indica,roots,T. congolense,Positive Control,NA,24,0,FALSE,NA
A. indica,roots,T. congolense,Positive Control,NA,25,0,FALSE,NA
A. indica,roots,T. congolense,Positive Control,NA,26,0,FALSE,NA
A. indica,roots,T. congolense,Positive Control,NA,27,0,FALSE,NA
A. indica,roots,T. congolense,Positive Control,NA,28,0,FALSE,NA
A. indica,roots,T. congolense,Positive Control,NA,29,0,FALSE,NA
A. indica,roots,T. congolense,Positive Control,NA,30,0,FALSE,NA
A. indica,roots,T. congolense,Positive Control,NA,31,0,FALSE,NA
A. indica,roots,T. congolense,Positive Control,NA,32,0,FALSE,NA
A. indica,roots,T. congolense,Positive Control,NA,33,0,FALSE,NA
A. indica,roots,T. congolense,Positive Control,NA,34,0,FALSE,NA
A. indica,roots,T. congolense,Positive Control,NA,35,0,FALSE,NA
A. indica,roots,T. congolense,Positive Control,NA,36,0,FALSE,NA
A. indica,roots,T. congolense,Positive Control,NA,37,0,FALSE,NA
A. indica,roots,T. congolense,Positive Control,NA,38,0,FALSE,NA
A. indica,roots,T. congolense,Positive Control,NA,39,0,FALSE,NA
A. indica,roots,T. congolense,Positive Control,NA,40,0,FALSE,NA
A. indica,stem bark,T. congolense,100mg/ml,100,1,0,FALSE,NA
A. indica,stem bark,T. congolense,100mg/ml,100,2,0,FALSE,NA
A. indica,stem bark,T. congolense,100mg/ml,100,3,0,FALSE,NA
A. indica,stem bark,T. congolense,100mg/ml,100,4,0,FALSE,NA
A. indica,stem bark,T. congolense,100mg/ml,100,5,0,FALSE,NA
A. indica,stem bark,T. congolense,100mg/ml,100,6,0,FALSE,NA
A. indica,stem bark,T. congolense,100mg/ml,100,7,0,FALSE,NA
A. indica,stem bark,T. congolense,100mg/ml,100,8,0,FALSE,NA
A. indica,stem bark,T. congolense,100mg/ml,100,9,0,FALSE,NA
A. indica,stem bark,T. congolense,100mg/ml,100,10,0,FALSE,NA
A. indica,stem bark,T. congolense,100mg/ml,100,11,0,FALSE,NA
A. indica,stem bark,T. congolense,100mg/ml,100,12,0,FALSE,NA
A. indica,stem bark,T. congolense,100mg/ml,100,13,0,FALSE,NA
A. indica,stem bark,T. congolense,100mg/ml,100,14,0,FALSE,NA
A. indica,stem bark,T. congolense,100mg/ml,100,15,0,FALSE,NA
A. indica,stem bark,T. congolense,100mg/ml,100,16,0,FALSE,NA
A. indica,stem bark,T. congolense,100mg/ml,100,17,0,FALSE,NA
A. indica,stem bark,T. congolense,100mg/ml,100,18,0,FALSE,NA
A. indica,stem bark,T. congolense,100mg/ml,100,19,0,FALSE,NA
A. indica,stem bark,T. congolense,100mg/ml,100,20,0,FALSE,NA
A. indica,stem bark,T. congolense,100mg/ml,100,21,0,FALSE,NA
A. indica,stem bark,T. congolense,100mg/ml,100,22,0,FALSE,NA
A. indica,stem bark,T. congolense,100mg/ml,100,23,0,FALSE,NA
A. indica,stem bark,T. congolense,100mg/ml,100,24,0,FALSE,NA
A. indica,stem bark,T. congolense,100mg/ml,100,25,0,FALSE,NA
A. indica,stem bark,T. congolense,100mg/ml,100,26,0,FALSE,NA
A. indica,stem bark,T. congolense,100mg/ml,100,27,0,FALSE,NA
A. indica,stem bark,T. congolense,100mg/ml,100,28,0,FALSE,NA
A. indica,stem bark,T. congolense,100mg/ml,100,29,0,FALSE,NA
A. indica,stem bark,T. congolense,100mg/ml,100,30,0,FALSE,NA
A. indica,stem bark,T. congolense,100mg/ml,100,31,0,FALSE,NA
A. indica,stem bark,T. congolense,100mg/ml,100,32,0,FALSE,NA
A. indica,stem bark,T. congolense,100mg/ml,100,33,0,FALSE,NA
A. indica,stem bark,T. congolense,100mg/ml,100,34,0,FALSE,NA
A. indica,stem bark,T. congolense,100mg/ml,100,35,0,FALSE,NA
A. indica,stem bark,T. congolense,100mg/ml,100,36,0,FALSE,NA
A. indica,stem bark,T. congolense,100mg/ml,100,37,0,FALSE,NA
A. indica,stem bark,T. congolense,100mg/ml,100,38,0,FALSE,NA
A. indica,stem bark,T. congolense,100mg/ml,100,39,0,FALSE,NA
A. indica,stem bark,T. congolense,100mg/ml,100,40,0,FALSE,NA
A. indica,stem bark,T. congolense,10mg/ml,10,1,0,FALSE,NA
A. indica,stem bark,T. congolense,10mg/ml,10,2,0,FALSE,NA
A. indica,stem bark,T. congolense,10mg/ml,10,3,0,FALSE,NA
A. indica,stem bark,T. congolense,10mg/ml,10,4,0,FALSE,NA
A. indica,stem bark,T. congolense,10mg/ml,10,5,0,FALSE,NA
A. indica,stem bark,T. congolense,10mg/ml,10,6,0,FALSE,NA
A. indica,stem bark,T. congolense,10mg/ml,10,7,0,FALSE,NA
A. indica,stem bark,T. congolense,10mg/ml,10,8,0,FALSE,NA
A. indica,stem bark,T. congolense,10mg/ml,10,9,0,FALSE,NA
A. indica,stem bark,T. congolense,10mg/ml,10,10,0,FALSE,NA
A. indica,stem bark,T. congolense,10mg/ml,10,11,0,FALSE,NA
A. indica,stem bark,T. congolense,10mg/ml,10,12,0,FALSE,NA
A. indica,stem bark,T. congolense,10mg/ml,10,13,0,FALSE,NA
A. indica,stem bark,T. congolense,10mg/ml,10,14,0,FALSE,NA
A. indica,stem bark,T. congolense,10mg/ml,10,15,0,FALSE,NA
A. indica,stem bark,T. congolense,10mg/ml,10,16,0,FALSE,NA
A. indica,stem bark,T. congolense,10mg/ml,10,17,0,FALSE,NA
A. indica,stem bark,T. congolense,10mg/ml,10,18,0,FALSE,NA
A. indica,stem bark,T. congolense,10mg/ml,10,19,0,FALSE,NA
A. indica,stem bark,T. congolense,10mg/ml,10,20,0,FALSE,NA
A. indica,stem bark,T. congolense,10mg/ml,10,21,0,FALSE,NA
A. indica,stem bark,T. congolense,10mg/ml,10,22,0,FALSE,NA
A. indica,stem bark,T. congolense,10mg/ml,10,23,0,FALSE,NA
A. indica,stem bark,T. congolense,10mg/ml,10,24,0,FALSE,NA
A. indica,stem bark,T. congolense,10mg/ml,10,25,0,FALSE,NA
A. indica,stem bark,T. congolense,10mg/ml,10,26,0,FALSE,NA
A. indica,stem bark,T. congolense,10mg/ml,10,27,0,FALSE,NA
A. indica,stem bark,T. congolense,10mg/ml,10,28,0,FALSE,NA
A. indica,stem bark,T. congolense,10mg/ml,10,29,0,FALSE,NA
A. indica,stem bark,T. congolense,10mg/ml,10,30,0,FALSE,NA
A. indica,stem bark,T. congolense,10mg/ml,10,31,0,FALSE,NA
A. indica,stem bark,T. congolense,10mg/ml,10,32,0,FALSE,NA
A. indica,stem bark,T. congolense,10mg/ml,10,33,0,FALSE,NA
A. indica,stem bark,T. congolense,10mg/ml,10,34,0,FALSE,NA
A. indica,stem bark,T. congolense,10mg/ml,10,35,0,FALSE,NA
A. indica,stem bark,T. congolense,10mg/ml,10,36,0,FALSE,NA
A. indica,stem bark,T. congolense,10mg/ml,10,37,0,FALSE,NA
A. indica,stem bark,T. congolense,10mg/ml,10,38,0,FALSE,NA
A. indica,stem bark,T. congolense,10mg/ml,10,39,0,FALSE,NA
A. indica,stem bark,T. congolense,10mg/ml,10,40,0,FALSE,NA
A. indica,stem bark,T. congolense,0.5mg/ml,0.5,1,0,FALSE,NA
A. indica,stem bark,T. congolense,0.5mg/ml,0.5,2,0,FALSE,NA
A. indica,stem bark,T. congolense,0.5mg/ml,0.5,3,0,FALSE,NA
A. indica,stem bark,T. congolense,0.5mg/ml,0.5,4,0,FALSE,NA
A. indica,stem bark,T. congolense,0.5mg/ml,0.5,5,0,FALSE,NA
A. indica,stem bark,T. congolense,0.5mg/ml,0.5,6,0,FALSE,NA
A. indica,stem bark,T. congolense,0.5mg/ml,0.5,7,0,FALSE,NA
A. indica,stem bark,T. congolense,0.5mg/ml,0.5,8,0,FALSE,NA
A. indica,stem bark,T. congolense,0.5mg/ml,0.5,9,0,FALSE,NA
A. indica,stem bark,T. congolense,0.5mg/ml,0.5,10,0,FALSE,NA
A. indica,stem bark,T. congolense,0.5mg/ml,0.5,11,0,FALSE,NA
A. indica,stem bark,T. congolense,0.5mg/ml,0.5,12,0,FALSE,NA
A. indica,stem bark,T. congolense,0.5mg/ml,0.5,13,0,FALSE,NA
A. indica,stem bark,T. congolense,0.5mg/ml,0.5,14,0,FALSE,NA
A. indica,stem bark,T. congolense,0.5mg/ml,0.5,15,0,FALSE,NA
A. indica,stem bark,T. congolense,0.5mg/ml,0.5,16,0,FALSE,NA
A. indica,stem bark,T. congolense,0.5mg/ml,0.5,17,0,FALSE,NA
A. indica,stem bark,T. congolense,0.5mg/ml,0.5,18,0,FALSE,NA
A. indica,stem bark,T. congolense,0.5mg/ml,0.5,19,0,FALSE,NA
A. indica,stem bark,T. congolense,0.5mg/ml,0.5,20,0,FALSE,NA
A. indica,stem bark,T. congolense,0.5mg/ml,0.5,21,0,FALSE,NA
A. indica,stem bark,T. congolense,0.5mg/ml,0.5,22,0,FALSE,NA
A. indica,stem bark,T. congolense,0.5mg/ml,0.5,23,0,FALSE,NA
A. indica,stem bark,T. congolense,0.5mg/ml,0.5,24,0,FALSE,NA
A. indica,stem bark,T. congolense,0.5mg/ml,0.5,25,0,FALSE,NA
A. indica,stem bark,T. congolense,0.5mg/ml,0.5,26,0,FALSE,NA
A. indica,stem bark,T. congolense,0.5mg/ml,0.5,27,0,FALSE,NA
A. indica,stem bark,T. congolense,0.5mg/ml,0.5,28,0,FALSE,NA
A. indica,stem bark,T. congolense,0.5mg/ml,0.5,29,0,FALSE,NA
A. indica,stem bark,T. congolense,0.5mg/ml,0.5,30,0,FALSE,NA
A. indica,stem bark,T. congolense,0.5mg/ml,0.5,31,0,FALSE,NA
A. indica,stem bark,T. congolense,0.5mg/ml,0.5,32,0,FALSE,NA
A. indica,stem bark,T. congolense,0.5mg/ml,0.5,33,0,FALSE,NA
A. indica,stem bark,T. congolense,0.5mg/ml,0.5,34,0,FALSE,NA
A. indica,stem bark,T. congolense,0.5mg/ml,0.5,35,0,FALSE,NA
A. indica,stem bark,T. congolense,0.5mg/ml,0.5,36,0,FALSE,NA
A. indica,stem bark,T. congolense,0.5mg/ml,0.5,37,0,FALSE,NA
A. indica,stem bark,T. congolense,0.5mg/ml,0.5,38,0,FALSE,NA
A. indica,stem bark,T. congolense,0.5mg/ml,0.5,39,0,FALSE,NA
A. indica,stem bark,T. congolense,0.5mg/ml,0.5,40,0,FALSE,NA
A. indica,stem bark,T. congolense,0.01mg/ml,0.01,1,0,FALSE,NA
A. indica,stem bark,T. congolense,0.01mg/ml,0.01,2,0,FALSE,NA
A. indica,stem bark,T. congolense,0.01mg/ml,0.01,3,0,FALSE,NA
A. indica,stem bark,T. congolense,0.01mg/ml,0.01,4,0,FALSE,NA
A. indica,stem bark,T. congolense,0.01mg/ml,0.01,5,0,FALSE,NA
A. indica,stem bark,T. congolense,0.01mg/ml,0.01,6,0,FALSE,NA
A. indica,stem bark,T. congolense,0.01mg/ml,0.01,7,0,FALSE,NA
A. indica,stem bark,T. congolense,0.01mg/ml,0.01,8,0,FALSE,NA
A. indica,stem bark,T. congolense,0.01mg/ml,0.01,9,0,FALSE,NA
A. indica,stem bark,T. congolense,0.01mg/ml,0.01,10,0,FALSE,NA
A. indica,stem bark,T. congolense,0.01mg/ml,0.01,11,0,FALSE,NA
A. indica,stem bark,T. congolense,0.01mg/ml,0.01,12,0,FALSE,NA
A. indica,stem bark,T. congolense,0.01mg/ml,0.01,13,0,FALSE,NA
A. indica,stem bark,T. congolense,0.01mg/ml,0.01,14,0,FALSE,NA
A. indica,stem bark,T. congolense,0.01mg/ml,0.01,15,0,FALSE,NA
A. indica,stem bark,T. congolense,0.01mg/ml,0.01,16,0,FALSE,NA
A. indica,stem bark,T. congolense,0.01mg/ml,0.01,17,0,FALSE,NA
A. indica,stem bark,T. congolense,0.01mg/ml,0.01,18,0,FALSE,NA
A. indica,stem bark,T. congolense,0.01mg/ml,0.01,19,0,FALSE,NA
A. indica,stem bark,T. congolense,0.01mg/ml,0.01,20,0,FALSE,NA
A. indica,stem bark,T. congolense,0.01mg/ml,0.01,21,0,FALSE,NA
A. indica,stem bark,T. congolense,0.01mg/ml,0.01,22,0,FALSE,NA
A. indica,stem bark,T. congolense,0.01mg/ml,0.01,23,0,FALSE,NA
A. indica,stem bark,T. congolense,0.01mg/ml,0.01,24,0,FALSE,NA
A. indica,stem bark,T. congolense,0.01mg/ml,0.01,25,0,FALSE,NA
A. indica,stem bark,T. congolense,0.01mg/ml,0.01,26,0,FALSE,NA
A. indica,stem bark,T. congolense,0.01mg/ml,0.01,27,0,FALSE,NA
A. indica,stem bark,T. congolense,0.01mg/ml,0.01,28,0,FALSE,NA
A. indica,stem bark,T. congolense,0.01mg/ml,0.01,29,0,FALSE,NA
A. indica,stem bark,T. congolense,0.01mg/ml,0.01,30,0,FALSE,NA
A. indica,stem bark,T. congolense,0.01mg/ml,0.01,31,0,FALSE,NA
A. indica,stem bark,T. congolense,0.01mg/ml,0.01,32,0,FALSE,NA
A. indica,stem bark,T. congolense,0.01mg/ml,0.01,33,0,FALSE,NA
A. indica,stem bark,T. congolense,0.01mg/ml,0.01,34,0,FALSE,NA
A. indica,stem bark,T. congolense,0.01mg/ml,0.01,35,0,FALSE,NA
A. indica,stem bark,T. congolense,0.01mg/ml,0.01,36,0,FALSE,NA
A. indica,stem bark,T. congolense,0.01mg/ml,0.01,37,0,FALSE,NA
A. indica,stem bark,T. congolense,0.01mg/ml,0.01,38,0,FALSE,NA
A. indica,stem bark,T. congolense,0.01mg/ml,0.01,39,0,FALSE,NA
A. indica,stem bark,T. congolense,0.01mg/ml,0.01,40,0,FALSE,NA
A. indica,stem bark,T. congolense,0.005mg/ml,0.005,1,0,FALSE,NA
A. indica,stem bark,T. congolense,0.005mg/ml,0.005,2,0,FALSE,NA
A. indica,stem bark,T. congolense,0.005mg/ml,0.005,3,0,FALSE,NA
A. indica,stem bark,T. congolense,0.005mg/ml,0.005,4,0,FALSE,NA
A. indica,stem bark,T. congolense,0.005mg/ml,0.005,5,0,FALSE,NA
A. indica,stem bark,T. congolense,0.005mg/ml,0.005,6,0,FALSE,NA
A. indica,stem bark,T. congolense,0.005mg/ml,0.005,7,0.67,FALSE,NA
A. indica,stem bark,T. congolense,0.005mg/ml,0.005,8,1.67,FALSE,NA
A. indica,stem bark,T. congolense,0.005mg/ml,0.005,9,2.73,FALSE,NA
A. indica,stem bark,T. congolense,0.005mg/ml,0.005,10,4,FALSE,NA
A. indica,stem bark,T. congolense,0.005mg/ml,0.005,11,4.43,FALSE,NA
A. indica,stem bark,T. congolense,0.005mg/ml,0.005,12,4.59,FALSE,NA
A. indica,stem bark,T. congolense,0.005mg/ml,0.005,13,4.88,FALSE,NA
A. indica,stem bark,T. congolense,0.005mg/ml,0.005,14,5,FALSE,NA
A. indica,stem bark,T. congolense,0.005mg/ml,0.005,15,5,FALSE,NA
A. indica,stem bark,T. congolense,0.005mg/ml,0.005,16,NA,TRUE,NA
A. indica,stem bark,T. congolense,0.005mg/ml,0.005,17,NA,TRUE,NA
A. indica,stem bark,T. congolense,0.005mg/ml,0.005,18,NA,TRUE,NA
A. indica,stem bark,T. congolense,0.005mg/ml,0.005,19,NA,TRUE,NA
A. indica,stem bark,T. congolense,0.005mg/ml,0.005,20,NA,TRUE,NA
A. indica,stem bark,T. congolense,0.005mg/ml,0.005,21,NA,TRUE,NA
A. indica,stem bark,T. congolense,0.005mg/ml,0.005,22,NA,TRUE,NA
A. indica,stem bark,T. congolense,0.005mg/ml,0.005,23,NA,TRUE,NA
A. indica,stem bark,T. congolense,0.005mg/ml,0.005,24,NA,TRUE,NA
A. indica,stem bark,T. congolense,0.005mg/ml,0.005,25,NA,TRUE,NA
A. indica,stem bark,T. congolense,0.005mg/ml,0.005,26,NA,TRUE,NA
A. indica,stem bark,T. congolense,0.005mg/ml,0.005,27,NA,TRUE,NA
A. indica,stem bark,T. congolense,0.005mg/ml,0.005,28,NA,TRUE,NA
A. indica,stem bark,T. congolense,0.005mg/ml,0.005,29,NA,TRUE,NA
A. indica,stem bark,T. congolense,0.005mg/ml,0.005,30,NA,TRUE,NA
A. indica,stem bark,T. congolense,0.005mg/ml,0.005,31,NA,TRUE,NA
A. indica,stem bark,T. congolense,0.005mg/ml,0.005,32,NA,TRUE,NA
A. indica,stem bark,T. congolense,0.005mg/ml,0.005,33,NA,TRUE,NA
A. indica,stem bark,T. congolense,0.005mg/ml,0.005,34,NA,TRUE,NA
A. indica,stem bark,T. congolense,0.005mg/ml,0.005,35,NA,TRUE,NA
A. indica,stem bark,T. congolense,0.005mg/ml,0.005,36,NA,TRUE,NA
A. indica,stem bark,T. congolense,0.005mg/ml,0.005,37,NA,TRUE,NA
A. indica,stem bark,T. congolense,0.005mg/ml,0.005,38,NA,TRUE,NA
A. indica,stem bark,T. congolense,0.005mg/ml,0.005,39,NA,TRUE,NA
A. indica,stem bark,T. congolense,0.005mg/ml,0.005,40,NA,TRUE,NA
A. indica,stem bark,T. congolense,Negative Control,NA,1,0,FALSE,NA
A. indica,stem bark,T. congolense,Negative Control,NA,2,0,FALSE,NA
A. indica,stem bark,T. congolense,Negative Control,NA,3,0,FALSE,NA
A. indica,stem bark,T. congolense,Negative Control,NA,4,0.43,FALSE,NA
A. indica,stem bark,T. congolense,Negative Control,NA,5,1.1,FALSE,NA
A. indica,stem bark,T. congolense,Negative Control,NA,6,2.1,FALSE,NA
A. indica,stem bark,T. congolense,Negative Control,NA,7,4.13,FALSE,NA
A. indica,stem bark,T. congolense,Negative Control,NA,8,4.73,FALSE,NA
A. indica,stem bark,T. congolense,Negative Control,NA,9,5,FALSE,NA
A. indica,stem bark,T. congolense,Negative Control,NA,10,5,FALSE,NA
A. indica,stem bark,T. congolense,Negative Control,NA,11,NA,TRUE,NA
A. indica,stem bark,T. congolense,Negative Control,NA,12,NA,TRUE,NA
A. indica,stem bark,T. congolense,Negative Control,NA,13,NA,TRUE,NA
A. indica,stem bark,T. congolense,Negative Control,NA,14,NA,TRUE,NA
A. indica,stem bark,T. congolense,Negative Control,NA,15,NA,TRUE,NA
A. indica,stem bark,T. congolense,Negative Control,NA,16,NA,TRUE,NA
A. indica,stem bark,T. congolense,Negative Control,NA,17,NA,TRUE,NA
A. indica,stem bark,T. congolense,Negative Control,NA,18,NA,TRUE,NA
A. indica,stem bark,T. congolense,Negative Control,NA,19,NA,TRUE,NA
A. indica,stem bark,T. congolense,Negative Control,NA,20,NA,TRUE,NA
A. indica,stem bark,T. congolense,Negative Control,NA,21,NA,TRUE,NA
A. indica,stem bark,T. congolense,Negative Control,NA,22,NA,TRUE,NA
A. indica,stem bark,T. congolense,Negative Control,NA,23,NA,TRUE,NA
A. indica,stem bark,T. congolense,Negative Control,NA,24,NA,TRUE,NA
A. indica,stem bark,T. congolense,Negative Control,NA,25,NA,TRUE,NA
A. indica,stem bark,T. congolense,Negative Control,NA,26,NA,TRUE,NA
A. indica,stem bark,T. congolense,Negative Control,NA,27,NA,TRUE,NA
A. indica,stem bark,T. congolense,Negative Control,NA,28,NA,TRUE,NA
A. indica,stem bark,T. congolense,Negative Control,NA,29,NA,TRUE,NA
A. indica,stem bark,T. congolense,Negative Control,NA,30,NA,TRUE,NA
A. indica,stem bark,T. congolense,Negative Control,NA,31,NA,TRUE,NA
A. indica,stem bark,T. congolense,Negative Control,NA,32,NA,TRUE,NA
A. indica,stem bark,T. congolense,Negative Control,NA,33,NA,TRUE,NA
A. indica,stem bark,T. congolense,Negative Control,NA,34,NA,TRUE,NA
A. indica,stem bark,T. congolense,Negative Control,NA,35,NA,TRUE,NA
A. indica,stem bark,T. congolense,Negative Control,NA,36,NA,TRUE,NA
A. indica,stem bark,T. congolense,Negative Control,NA,37,NA,TRUE,NA
A. indica,stem bark,T. congolense,Negative Control,NA,38,NA,TRUE,NA
A. indica,stem bark,T. congolense,Negative Control,NA,39,NA,TRUE,NA
A. indica,stem bark,T. congolense,Negative Control,NA,40,NA,TRUE,NA
A. indica,stem bark,T. congolense,Positive Control,NA,1,0,FALSE,NA
A. indica,stem bark,T. congolense,Positive Control,NA,2,0,FALSE,NA
A. indica,stem bark,T. congolense,Positive Control,NA,3,0,FALSE,NA
A. indica,stem bark,T. congolense,Positive Control,NA,4,0,FALSE,NA
A. indica,stem bark,T. congolense,Positive Control,NA,5,0,FALSE,NA
A. indica,stem bark,T. congolense,Positive Control,NA,6,0,FALSE,NA
A. indica,stem bark,T. congolense,Positive Control,NA,7,0,FALSE,NA
A. indica,stem bark,T. congolense,Positive Control,NA,8,0,FALSE,NA
A. indica,stem bark,T. congolense,Positive Control,NA,9,0,FALSE,NA
A. indica,stem bark,T. congolense,Positive Control,NA,10,0,FALSE,NA
A. indica,stem bark,T. congolense,Positive Control,NA,11,0,FALSE,NA
A. indica,stem bark,T. congolense,Positive Control,NA,12,0,FALSE,NA
A. indica,stem bark,T. congolense,Positive Control,NA,13,0,FALSE,NA
A. indica,stem bark,T. congolense,Positive Control,NA,14,0,FALSE,NA
A. indica,stem bark,T. congolense,Positive Control,NA,15,0,FALSE,NA
A. indica,stem bark,T. congolense,Positive Control,NA,16,0,FALSE,NA
A. indica,stem bark,T. congolense,Positive Control,NA,17,0,FALSE,NA
A. indica,stem bark,T. congolense,Positive Control,NA,18,0,FALSE,NA
A. indica,stem bark,T. congolense,Positive Control,NA,19,0,FALSE,NA
A. indica,stem bark,T. congolense,Positive Control,NA,20,0,FALSE,NA
A. indica,stem bark,T. congolense,Positive Control,NA,21,0,FALSE,NA
A. indica,stem bark,T. congolense,Positive Control,NA,22,0,FALSE,NA
A. indica,stem bark,T. congolense,Positive Control,NA,23,0,FALSE,NA
A. indica,stem bark,T. congolense,Positive Control,NA,24,0,FALSE,NA
A. indica,stem bark,T. congolense,Positive Control,NA,25,0,FALSE,NA
A. indica,stem bark,T. congolense,Positive Control,NA,26,0,FALSE,NA
A. indica,stem bark,T. congolense,Positive Control,NA,27,0,FALSE,NA
A. indica,stem bark,T. congolense,Positive Control,NA,28,0,FALSE,NA
A. indica,stem bark,T. congolense,Positive Control,NA,29,0,FALSE,NA
A. indica,stem bark,T. congolense,Positive Control,NA,30,0,FALSE,NA
A. indica,stem bark,T. congolense,Positive Control,NA,31,0,FALSE,NA
A. indica,stem bark,T. congolense,Positive Control,NA,32,0,FALSE,NA
A. indica,stem bark,T. congolense,Positive Control,NA,33,0,FALSE,NA
A. indica,stem bark,T. congolense,Positive Control,NA,34,0,FALSE,NA
A. indica,stem bark,T. congolense,Positive Control,NA,35,0,FALSE,NA
A. indica,stem bark,T. congolense,Positive Control,NA,36,0,FALSE,NA
A. indica,stem bark,T. congolense,Positive Control,NA,37,0,FALSE,NA
A. indica,stem bark,T. congolense,Positive Control,NA,38,0,FALSE,NA
A. indica,stem bark,T. congolense,Positive Control,NA,39,0,FALSE,NA
A. indica,stem bark,T. congolense,Positive Control,NA,40,0,FALSE,NA
A. indica,leaves,T. congolense,100mg/ml,100,1,0,FALSE,NA
A. indica,leaves,T. congolense,100mg/ml,100,2,0,FALSE,NA
A. indica,leaves,T. congolense,100mg/ml,100,3,0,FALSE,NA
A. indica,leaves,T. congolense,100mg/ml,100,4,0,FALSE,NA
A. indica,leaves,T. congolense,100mg/ml,100,5,0,FALSE,NA
A. indica,leaves,T. congolense,100mg/ml,100,6,0,FALSE,NA
A. indica,leaves,T. congolense,100mg/ml,100,7,0,FALSE,NA
A. indica,leaves,T. congolense,100mg/ml,100,8,0,FALSE,NA
A. indica,leaves,T. congolense,100mg/ml,100,9,0,FALSE,NA
A. indica,leaves,T. congolense,100mg/ml,100,10,0,FALSE,NA
A. indica,leaves,T. congolense,100mg/ml,100,11,0,FALSE,NA
A. indica,leaves,T. congolense,100mg/ml,100,12,0,FALSE,NA
A. indica,leaves,T. congolense,100mg/ml,100,13,0,FALSE,NA
A. indica,leaves,T. congolense,100mg/ml,100,14,0,FALSE,NA
A. indica,leaves,T. congolense,100mg/ml,100,15,0,FALSE,NA
A. indica,leaves,T. congolense,100mg/ml,100,16,0,FALSE,NA
A. indica,leaves,T. congolense,100mg/ml,100,17,0,FALSE,NA
A. indica,leaves,T. congolense,100mg/ml,100,18,0,FALSE,NA
A. indica,leaves,T. congolense,100mg/ml,100,19,0,FALSE,NA
A. indica,leaves,T. congolense,100mg/ml,100,20,0,FALSE,NA
A. indica,leaves,T. congolense,100mg/ml,100,21,0,FALSE,NA
A. indica,leaves,T. congolense,100mg/ml,100,22,0,FALSE,NA
A. indica,leaves,T. congolense,100mg/ml,100,23,0,FALSE,NA
A. indica,leaves,T. congolense,100mg/ml,100,24,0,FALSE,NA
A. indica,leaves,T. congolense,100mg/ml,100,25,0,FALSE,NA
A. indica,leaves,T. congolense,100mg/ml,100,26,0,FALSE,NA
A. indica,leaves,T. congolense,100mg/ml,100,27,0,FALSE,NA
A. indica,leaves,T. congolense,100mg/ml,100,28,0,FALSE,NA
A. indica,leaves,T. congolense,100mg/ml,100,29,0,FALSE,NA
A. indica,leaves,T. congolense,100mg/ml,100,30,0,FALSE,NA
A. indica,leaves,T. congolense,100mg/ml,100,31,0,FALSE,NA
A. indica,leaves,T. congolense,100mg/ml,100,32,0,FALSE,NA
A. indica,leaves,T. congolense,100mg/ml,100,33,0,FALSE,NA
A. indica,leaves,T. congolense,100mg/ml,100,34,0,FALSE,NA
A. indica,leaves,T. congolense,100mg/ml,100,35,0,FALSE,NA
A. indica,leaves,T. congolense,100mg/ml,100,36,0,FALSE,NA
A. indica,leaves,T. congolense,100mg/ml,100,37,0,FALSE,NA
A. indica,leaves,T. congolense,100mg/ml,100,38,0,FALSE,NA
A. indica,leaves,T. congolense,100mg/ml,100,39,0,FALSE,NA
A. indica,leaves,T. congolense,100mg/ml,100,40,0,FALSE,NA
A. indica,leaves,T. congolense,10mg/ml,10,1,0,FALSE,NA
A. indica,leaves,T. congolense,10mg/ml,10,2,0,FALSE,NA
A. indica,leaves,T. congolense,10mg/ml,10,3,0,FALSE,NA
A. indica,leaves,T. congolense,10mg/ml,10,4,0,FALSE,NA
A. indica,leaves,T. congolense,10mg/ml,10,5,0,FALSE,NA
A. indica,leaves,T. congolense,10mg/ml,10,6,0,FALSE,NA
A. indica,leaves,T. congolense,10mg/ml,10,7,0,FALSE,NA
A. indica,leaves,T. congolense,10mg/ml,10,8,0,FALSE,NA
A. indica,leaves,T. congolense,10mg/ml,10,9,0,FALSE,NA
A. indica,leaves,T. congolense,10mg/ml,10,10,0,FALSE,NA
A. indica,leaves,T. congolense,10mg/ml,10,11,0,FALSE,NA
A. indica,leaves,T. congolense,10mg/ml,10,12,0,FALSE,NA
A. indica,leaves,T. congolense,10mg/ml,10,13,0,FALSE,NA
A. indica,leaves,T. congolense,10mg/ml,10,14,0,FALSE,NA
A. indica,leaves,T. congolense,10mg/ml,10,15,0,FALSE,NA
A. indica,leaves,T. congolense,10mg/ml,10,16,0,FALSE,NA
A. indica,leaves,T. congolense,10mg/ml,10,17,0,FALSE,NA
A. indica,leaves,T. congolense,10mg/ml,10,18,0,FALSE,NA
A. indica,leaves,T. congolense,10mg/ml,10,19,0,FALSE,NA
A. indica,leaves,T. congolense,10mg/ml,10,20,0,FALSE,NA
A. indica,leaves,T. congolense,10mg/ml,10,21,0,FALSE,NA
A. indica,leaves,T. congolense,10mg/ml,10,22,0,FALSE,NA
A. indica,leaves,T. congolense,10mg/ml,10,23,0,FALSE,NA
A. indica,leaves,T. congolense,10mg/ml,10,24,0,FALSE,NA
A. indica,leaves,T. congolense,10mg/ml,10,25,0,FALSE,NA
A. indica,leaves,T. congolense,10mg/ml,10,26,0,FALSE,NA
A. indica,leaves,T. congolense,10mg/ml,10,27,0,FALSE,NA
A. indica,leaves,T. congolense,10mg/ml,10,28,0,FALSE,NA
A. indica,leaves,T. congolense,10mg/ml,10,29,0,FALSE,NA
A. indica,leaves,T. congolense,10mg/ml,10,30,0,FALSE,NA
A. indica,leaves,T. congolense,10mg/ml,10,31,0,FALSE,NA
A. indica,leaves,T. congolense,10mg/ml,10,32,0,FALSE,NA
A. indica,leaves,T. congolense,10mg/ml,10,33,0,FALSE,NA
A. indica,leaves,T. congolense,10mg/ml,10,34,0,FALSE,NA
A. indica,leaves,T. congolense,10mg/ml,10,35,0,FALSE,NA
A. indica,leaves,T. congolense,10mg/ml,10,36,0,FALSE,NA
A. indica,leaves,T. congolense,10mg/ml,10,37,0,FALSE,NA
A. indica,leaves,T. congolense,10mg/ml,10,38,0,FALSE,NA
A. indica,leaves,T. congolense,10mg/ml,10,39,0,FALSE,NA
A. indica,leaves,T. congolense,10mg/ml,10,40,0,FALSE,NA
A. indica,leaves,T. congolense,0.5mg/ml,0.5,1,0,FALSE,NA
A. indica,leaves,T. congolense,0.5mg/ml,0.5,2,0,FALSE,NA
A. indica,leaves,T. congolense,0.5mg/ml,0.5,3,0,FALSE,NA
A. indica,leaves,T. congolense,0.5mg/ml,0.5,4,0,FALSE,NA
A. indica,leaves,T. congolense,0.5mg/ml,0.5,5,0,FALSE,NA
A. indica,leaves,T. congolense,0.5mg/ml,0.5,6,0,FALSE,NA
A. indica,leaves,T. congolense,0.5mg/ml,0.5,7,0,FALSE,NA
A. indica,leaves,T. congolense,0.5mg/ml,0.5,8,0,FALSE,NA
A. indica,leaves,T. congolense,0.5mg/ml,0.5,9,0,FALSE,NA
A. indica,leaves,T. congolense,0.5mg/ml,0.5,10,1.13,FALSE,NA
A. indica,leaves,T. congolense,0.5mg/ml,0.5,11,1.37,FALSE,NA
A. indica,leaves,T. congolense,0.5mg/ml,0.5,12,1.87,FALSE,NA
A. indica,leaves,T. congolense,0.5mg/ml,0.5,13,2.03,FALSE,NA
A. indica,leaves,T. congolense,0.5mg/ml,0.5,14,2.23,FALSE,NA
A. indica,leaves,T. congolense,0.5mg/ml,0.5,15,1.85,FALSE,NA
A. indica,leaves,T. congolense,0.5mg/ml,0.5,16,1.85,FALSE,NA
A. indica,leaves,T. congolense,0.5mg/ml,0.5,17,1.95,FALSE,NA
A. indica,leaves,T. congolense,0.5mg/ml,0.5,18,2,FALSE,NA
A. indica,leaves,T. congolense,0.5mg/ml,0.5,19,2.15,FALSE,NA
A. indica,leaves,T. congolense,0.5mg/ml,0.5,20,NA,TRUE,NA
A. indica,leaves,T. congolense,0.5mg/ml,0.5,21,NA,TRUE,NA
A. indica,leaves,T. congolense,0.5mg/ml,0.5,22,NA,TRUE,NA
A. indica,leaves,T. congolense,0.5mg/ml,0.5,23,NA,TRUE,NA
A. indica,leaves,T. congolense,0.5mg/ml,0.5,24,NA,TRUE,NA
A. indica,leaves,T. congolense,0.5mg/ml,0.5,25,NA,TRUE,NA
A. indica,leaves,T. congolense,0.5mg/ml,0.5,26,NA,TRUE,NA
A. indica,leaves,T. congolense,0.5mg/ml,0.5,27,NA,TRUE,NA
A. indica,leaves,T. congolense,0.5mg/ml,0.5,28,NA,TRUE,NA
A. indica,leaves,T. congolense,0.5mg/ml,0.5,29,NA,TRUE,NA
A. indica,leaves,T. congolense,0.5mg/ml,0.5,30,NA,TRUE,NA
A. indica,leaves,T. congolense,0.5mg/ml,0.5,31,NA,TRUE,NA
A. indica,leaves,T. congolense,0.5mg/ml,0.5,32,NA,TRUE,NA
A. indica,leaves,T. congolense,0.5mg/ml,0.5,33,NA,TRUE,NA
A. indica,leaves,T. congolense,0.5mg/ml,0.5,34,NA,TRUE,NA
A. indica,leaves,T. congolense,0.5mg/ml,0.5,35,NA,TRUE,NA
A. indica,leaves,T. congolense,0.5mg/ml,0.5,36,NA,TRUE,NA
A. indica,leaves,T. congolense,0.5mg/ml,0.5,37,NA,TRUE,NA
A. indica,leaves,T. congolense,0.5mg/ml,0.5,38,NA,TRUE,NA
A. indica,leaves,T. congolense,0.5mg/ml,0.5,39,NA,TRUE,NA
A. indica,leaves,T. congolense,0.5mg/ml,0.5,40,NA,TRUE,NA
A. indica,leaves,T. congolense,0.01mg/ml,0.01,1,0,FALSE,NA
A. indica,leaves,T. congolense,0.01mg/ml,0.01,2,0,FALSE,NA
A. indica,leaves,T. congolense,0.01mg/ml,0.01,3,0,FALSE,NA
A. indica,leaves,T. congolense,0.01mg/ml,0.01,4,0,FALSE,NA
A. indica,leaves,T. congolense,0.01mg/ml,0.01,5,0.57,FALSE,NA
A. indica,leaves,T. congolense,0.01mg/ml,0.01,6,1.13,FALSE,NA
A. indica,leaves,T. congolense,0.01mg/ml,0.01,7,2.13,FALSE,NA
A. indica,leaves,T. congolense,0.01mg/ml,0.01,8,2.93,FALSE,NA
A. indica,leaves,T. congolense,0.01mg/ml,0.01,9,3.29,FALSE,NA
A. indica,leaves,T. congolense,0.01mg/ml,0.01,10,4.06,FALSE,NA
A. indica,leaves,T. congolense,0.01mg/ml,0.01,11,4.18,FALSE,NA
A. indica,leaves,T. congolense,0.01mg/ml,0.01,12,4.5,FALSE,NA
A. indica,leaves,T. congolense,0.01mg/ml,0.01,13,4.66,FALSE,NA
A. indica,leaves,T. congolense,0.01mg/ml,0.01,14,4.73,FALSE,NA
A. indica,leaves,T. congolense,0.01mg/ml,0.01,15,4.78,FALSE,NA
A. indica,leaves,T. congolense,0.01mg/ml,0.01,16,4.85,FALSE,NA
A. indica,leaves,T. congolense,0.01mg/ml,0.01,17,4.95,FALSE,NA
A. indica,leaves,T. congolense,0.01mg/ml,0.01,18,5,FALSE,NA
A. indica,leaves,T. congolense,0.01mg/ml,0.01,19,NA,TRUE,NA
A. indica,leaves,T. congolense,0.01mg/ml,0.01,20,NA,TRUE,NA
A. indica,leaves,T. congolense,0.01mg/ml,0.01,21,NA,TRUE,NA
A. indica,leaves,T. congolense,0.01mg/ml,0.01,22,NA,TRUE,NA
A. indica,leaves,T. congolense,0.01mg/ml,0.01,23,NA,TRUE,NA
A. indica,leaves,T. congolense,0.01mg/ml,0.01,24,NA,TRUE,NA
A. indica,leaves,T. congolense,0.01mg/ml,0.01,25,NA,TRUE,NA
A. indica,leaves,T. congolense,0.01mg/ml,0.01,26,NA,TRUE,NA
A. indica,leaves,T. congolense,0.01mg/ml,0.01,27,NA,TRUE,NA
A. indica,leaves,T. congolense,0.01mg/ml,0.01,28,NA,TRUE,NA
A. indica,leaves,T. congolense,0.01mg/ml,0.01,29,NA,TRUE,NA
A. indica,leaves,T. congolense,0.01mg/ml,0.01,30,NA,TRUE,NA
A. indica,leaves,T. congolense,0.01mg/ml,0.01,31,NA,TRUE,NA
A. indica,leaves,T. congolense,0.01mg/ml,0.01,32,NA,TRUE,NA
A. indica,leaves,T. congolense,0.01mg/ml,0.01,33,NA,TRUE,NA
A. indica,leaves,T. congolense,0.01mg/ml,0.01,34,NA,TRUE,NA
A. indica,leaves,T. congolense,0.01mg/ml,0.01,35,NA,TRUE,NA
A. indica,leaves,T. congolense,0.01mg/ml,0.01,36,NA,TRUE,NA
A. indica,leaves,T. congolense,0.01mg/ml,0.01,37,NA,TRUE,NA
A. indica,leaves,T. congolense,0.01mg/ml,0.01,38,NA,TRUE,NA
A. indica,leaves,T. congolense,0.01mg/ml,0.01,39,NA,TRUE,NA
A. indica,leaves,T. congolense,0.01mg/ml,0.01,40,NA,TRUE,NA
A. indica,leaves,T. congolense,0.005mg/ml,0.005,1,0,FALSE,NA
A. indica,leaves,T. congolense,0.005mg/ml,0.005,2,0,FALSE,NA
A. indica,leaves,T. congolense,0.005mg/ml,0.005,3,0,FALSE,NA
A. indica,leaves,T. congolense,0.005mg/ml,0.005,4,0,FALSE,NA
A. indica,leaves,T. congolense,0.005mg/ml,0.005,5,1.55,FALSE,NA
A. indica,leaves,T. congolense,0.005mg/ml,0.005,6,2,FALSE,NA
A. indica,leaves,T. congolense,0.005mg/ml,0.005,7,2.57,FALSE,NA
A. indica,leaves,T. congolense,0.005mg/ml,0.005,8,3.2,FALSE,NA
A. indica,leaves,T. congolense,0.005mg/ml,0.005,9,3.29,FALSE,NA
A. indica,leaves,T. congolense,0.005mg/ml,0.005,10,4.06,FALSE,NA
A. indica,leaves,T. congolense,0.005mg/ml,0.005,11,4.32,FALSE,NA
A. indica,leaves,T. congolense,0.005mg/ml,0.005,12,4.5,FALSE,NA
A. indica,leaves,T. congolense,0.005mg/ml,0.005,13,4.66,FALSE,NA
A. indica,leaves,T. congolense,0.005mg/ml,0.005,14,4.73,FALSE,NA
A. indica,leaves,T. congolense,0.005mg/ml,0.005,15,4.78,FALSE,NA
A. indica,leaves,T. congolense,0.005mg/ml,0.005,16,4.85,FALSE,NA
A. indica,leaves,T. congolense,0.005mg/ml,0.005,17,4.95,FALSE,NA
A. indica,leaves,T. congolense,0.005mg/ml,0.005,18,5,FALSE,NA
A. indica,leaves,T. congolense,0.005mg/ml,0.005,19,NA,TRUE,NA
A. indica,leaves,T. congolense,0.005mg/ml,0.005,20,NA,TRUE,NA
A. indica,leaves,T. congolense,0.005mg/ml,0.005,21,NA,TRUE,NA
A. indica,leaves,T. congolense,0.005mg/ml,0.005,22,NA,TRUE,NA
A. indica,leaves,T. congolense,0.005mg/ml,0.005,23,NA,TRUE,NA
A. indica,leaves,T. congolense,0.005mg/ml,0.005,24,NA,TRUE,NA
A. indica,leaves,T. congolense,0.005mg/ml,0.005,25,NA,TRUE,NA
A. indica,leaves,T. congolense,0.005mg/ml,0.005,26,NA,TRUE,NA
A. indica,leaves,T. congolense,0.005mg/ml,0.005,27,NA,TRUE,NA
A. indica,leaves,T. congolense,0.005mg/ml,0.005,28,NA,TRUE,NA
A. indica,leaves,T. congolense,0.005mg/ml,0.005,29,NA,TRUE,NA
A. indica,leaves,T. congolense,0.005mg/ml,0.005,30,NA,TRUE,NA
A. indica,leaves,T. congolense,0.005mg/ml,0.005,31,NA,TRUE,NA
A. indica,leaves,T. congolense,0.005mg/ml,0.005,32,NA,TRUE,NA
A. indica,leaves,T. congolense,0.005mg/ml,0.005,33,NA,TRUE,NA
A. indica,leaves,T. congolense,0.005mg/ml,0.005,34,NA,TRUE,NA
A. indica,leaves,T. congolense,0.005mg/ml,0.005,35,NA,TRUE,NA
A. indica,leaves,T. congolense,0.005mg/ml,0.005,36,NA,TRUE,NA
A. indica,leaves,T. congolense,0.005mg/ml,0.005,37,NA,TRUE,NA
A. indica,leaves,T. congolense,0.005mg/ml,0.005,38,NA,TRUE,NA
A. indica,leaves,T. congolense,0.005mg/ml,0.005,39,NA,TRUE,NA
A. indica,leaves,T. congolense,0.005mg/ml,0.005,40,NA,TRUE,NA
A. indica,leaves,T. congolense,Negative Control,NA,1,0,FALSE,NA
A. indica,leaves,T. congolense,Negative Control,NA,2,0,FALSE,NA
A. indica,leaves,T. congolense,Negative Control,NA,3,2,FALSE,NA
A. indica,leaves,T. congolense,Negative Control,NA,4,3.5,FALSE,NA
A. indica,leaves,T. congolense,Negative Control,NA,5,3.87,FALSE,NA
A. indica,leaves,T. congolense,Negative Control,NA,6,4.13,FALSE,NA
A. indica,leaves,T. congolense,Negative Control,NA,7,4.36,FALSE,NA
A. indica,leaves,T. congolense,Negative Control,NA,8,4.57,FALSE,NA
A. indica,leaves,T. congolense,Negative Control,NA,9,4.78,FALSE,NA
A. indica,leaves,T. congolense,Negative Control,NA,10,4.95,FALSE,NA
A. indica,leaves,T. congolense,Negative Control,NA,11,5,FALSE,NA
A. indica,leaves,T. congolense,Negative Control,NA,12,NA,TRUE,NA
A. indica,leaves,T. congolense,Negative Control,NA,13,NA,TRUE,NA
A. indica,leaves,T. congolense,Negative Control,NA,14,NA,TRUE,NA
A. indica,leaves,T. congolense,Negative Control,NA,15,NA,TRUE,NA
A. indica,leaves,T. congolense,Negative Control,NA,16,NA,TRUE,NA
A. indica,leaves,T. congolense,Negative Control,NA,17,NA,TRUE,NA
A. indica,leaves,T. congolense,Negative Control,NA,18,NA,TRUE,NA
A. indica,leaves,T. congolense,Negative Control,NA,19,NA,TRUE,NA
A. indica,leaves,T. congolense,Negative Control,NA,20,NA,TRUE,NA
A. indica,leaves,T. congolense,Negative Control,NA,21,NA,TRUE,NA
A. indica,leaves,T. congolense,Negative Control,NA,22,NA,TRUE,NA
A. indica,leaves,T. congolense,Negative Control,NA,23,NA,TRUE,NA
A. indica,leaves,T. congolense,Negative Control,NA,24,NA,TRUE,NA
A. indica,leaves,T. congolense,Negative Control,NA,25,NA,TRUE,NA
A. indica,leaves,T. congolense,Negative Control,NA,26,NA,TRUE,NA
A. indica,leaves,T. congolense,Negative Control,NA,27,NA,TRUE,NA
A. indica,leaves,T. congolense,Negative Control,NA,28,NA,TRUE,NA
A. indica,leaves,T. congolense,Negative Control,NA,29,NA,TRUE,NA
A. indica,leaves,T. congolense,Negative Control,NA,30,NA,TRUE,NA
A. indica,leaves,T. congolense,Negative Control,NA,31,NA,TRUE,NA
A. indica,leaves,T. congolense,Negative Control,NA,32,NA,TRUE,NA
A. indica,leaves,T. congolense,Negative Control,NA,33,NA,TRUE,NA
A. indica,leaves,T. congolense,Negative Control,NA,34,NA,TRUE,NA
A. indica,leaves,T. congolense,Negative Control,NA,35,NA,TRUE,NA
A. indica,leaves,T. congolense,Negative Control,NA,36,NA,TRUE,NA
A. indica,leaves,T. congolense,Negative Control,NA,37,NA,TRUE,NA
A. indica,leaves,T. congolense,Negative Control,NA,38,NA,TRUE,NA
A. indica,leaves,T. congolense,Negative Control,NA,39,NA,TRUE,NA
A. indica,leaves,T. congolense,Negative Control,NA,40,NA,TRUE,NA
A. indica,leaves,T. congolense,Positive Control,NA,1,0,FALSE,NA
A. indica,leaves,T. congolense,Positive Control,NA,2,0,FALSE,NA
A. indica,leaves,T. congolense,Positive Control,NA,3,0,FALSE,NA
A. indica,leaves,T. congolense,Positive Control,NA,4,0,FALSE,NA
A. indica,leaves,T. congolense,Positive Control,NA,5,0,FALSE,NA
A. indica,leaves,T. congolense,Positive Control,NA,6,0,FALSE,NA
A. indica,leaves,T. congolense,Positive Control,NA,7,0,FALSE,NA
A. indica,leaves,T. congolense,Positive Control,NA,8,0,FALSE,NA
A. indica,leaves,T. congolense,Positive Control,NA,9,0,FALSE,NA
A. indica,leaves,T. congolense,Positive Control,NA,10,0,FALSE,NA
A. indica,leaves,T. congolense,Positive Control,NA,11,0,FALSE,NA
A. indica,leaves,T. congolense,Positive Control,NA,12,0,FALSE,NA
A. indica,leaves,T. congolense,Positive Control,NA,13,0,FALSE,NA
A. indica,leaves,T. congolense,Positive Control,NA,14,0,FALSE,NA
A. indica,leaves,T. congolense,Positive Control,NA,15,0,FALSE,NA
A. indica,leaves,T. congolense,Positive Control,NA,16,0,FALSE,NA
A. indica,leaves,T. congolense,Positive Control,NA,17,0,FALSE,NA
A. indica,leaves,T. congolense,Positive Control,NA,18,0,FALSE,NA
A. indica,leaves,T. congolense,Positive Control,NA,19,0,FALSE,NA
A. indica,leaves,T. congolense,Positive Control,NA,20,0,FALSE,NA
A. indica,leaves,T. congolense,Positive Control,NA,21,0,FALSE,NA
A. indica,leaves,T. congolense,Positive Control,NA,22,0,FALSE,NA
A. indica,leaves,T. congolense,Positive Control,NA,23,0,FALSE,NA
A. indica,leaves,T. congolense,Positive Control,NA,24,0,FALSE,NA
A. indica,leaves,T. congolense,Positive Control,NA,25,0,FALSE,NA
A. indica,leaves,T. congolense,Positive Control,NA,26,0,FALSE,NA
A. indica,leaves,T. congolense,Positive Control,NA,27,0,FALSE,NA
A. indica,leaves,T. congolense,Positive Control,NA,28,0,FALSE,NA
A. indica,leaves,T. congolense,Positive Control,NA,29,0,FALSE,NA
A. indica,leaves,T. congolense,Positive Control,NA,30,0,FALSE,NA
A. indica,leaves,T. congolense,Positive Control,NA,31,0,FALSE,NA
A. indica,leaves,T. congolense,Positive Control,NA,32,0,FALSE,NA
A. indica,leaves,T. congolense,Positive Control,NA,33,0,FALSE,NA
A. indica,leaves,T. congolense,Positive Control,NA,34,0,FALSE,NA
A. indica,leaves,T. congolense,Positive Control,NA,35,0,FALSE,NA
A. indica,leaves,T. congolense,Positive Control,NA,36,0,FALSE,NA
A. indica,leaves,T. congolense,Positive Control,NA,37,0,FALSE,NA
A. indica,leaves,T. congolense,Positive Control,NA,38,0,FALSE,NA
A. indica,leaves,T. congolense,Positive Control,NA,39,0,FALSE,NA
A. indica,leaves,T. congolense,Positive Control,NA,40,0,FALSE,NA
M. oleifera,seeds,T. congolense,100mg/ml,100,1,0,FALSE,NA
M. oleifera,seeds,T. congolense,100mg/ml,100,2,0,FALSE,NA
M. oleifera,seeds,T. congolense,100mg/ml,100,3,0,FALSE,NA
M. oleifera,seeds,T. congolense,100mg/ml,100,4,0,FALSE,NA
M. oleifera,seeds,T. congolense,100mg/ml,100,5,0,FALSE,NA
M. oleifera,seeds,T. congolense,100mg/ml,100,6,0,FALSE,NA
M. oleifera,seeds,T. congolense,100mg/ml,100,7,0,FALSE,NA
M. oleifera,seeds,T. congolense,100mg/ml,100,8,0,FALSE,NA
M. oleifera,seeds,T. congolense,100mg/ml,100,9,0,FALSE,NA
M. oleifera,seeds,T. congolense,100mg/ml,100,10,0,FALSE,NA
M. oleifera,seeds,T. congolense,100mg/ml,100,11,0,FALSE,NA
M. oleifera,seeds,T. congolense,100mg/ml,100,12,0,FALSE,NA
M. oleifera,seeds,T. congolense,100mg/ml,100,13,0,FALSE,NA
M. oleifera,seeds,T. congolense,100mg/ml,100,14,0,FALSE,NA
M. oleifera,seeds,T. congolense,100mg/ml,100,15,0,FALSE,NA
M. oleifera,seeds,T. congolense,100mg/ml,100,16,0,FALSE,NA
M. oleifera,seeds,T. congolense,100mg/ml,100,17,0,FALSE,NA
M. oleifera,seeds,T. congolense,100mg/ml,100,18,0,FALSE,NA
M. oleifera,seeds,T. congolense,100mg/ml,100,19,0,FALSE,NA
M. oleifera,seeds,T. congolense,100mg/ml,100,20,0,FALSE,NA
M. oleifera,seeds,T. congolense,100mg/ml,100,21,0,FALSE,NA
M. oleifera,seeds,T. congolense,100mg/ml,100,22,0,FALSE,NA
M. oleifera,seeds,T. congolense,100mg/ml,100,23,0,FALSE,NA
M. oleifera,seeds,T. congolense,100mg/ml,100,24,0,FALSE,NA
M. oleifera,seeds,T. congolense,100mg/ml,100,25,0,FALSE,NA
M. oleifera,seeds,T. congolense,100mg/ml,100,26,0,FALSE,NA
M. oleifera,seeds,T. congolense,100mg/ml,100,27,0,FALSE,NA
M. oleifera,seeds,T. congolense,100mg/ml,100,28,0,FALSE,NA
M. oleifera,seeds,T. congolense,100mg/ml,100,29,0,FALSE,NA
M. oleifera,seeds,T. congolense,100mg/ml,100,30,0,FALSE,NA
M. oleifera,seeds,T. congolense,100mg/ml,100,31,0,FALSE,NA
M. oleifera,seeds,T. congolense,100mg/ml,100,32,0,FALSE,NA
M. oleifera,seeds,T. congolense,100mg/ml,100,33,0,FALSE,NA
M. oleifera,seeds,T. congolense,100mg/ml,100,34,0,FALSE,NA
M. oleifera,seeds,T. congolense,100mg/ml,100,35,0,FALSE,NA
M. oleifera,seeds,T. congolense,100mg/ml,100,36,0,FALSE,NA
M. oleifera,seeds,T. congolense,100mg/ml,100,37,0,FALSE,NA
M. oleifera,seeds,T. congolense,100mg/ml,100,38,0,FALSE,NA
M. oleifera,seeds,T. congolense,100mg/ml,100,39,0,FALSE,NA
M. oleifera,seeds,T. congolense,100mg/ml,100,40,0,FALSE,NA
M. oleifera,seeds,T. congolense,10mg/ml,10,1,0,FALSE,NA
M. oleifera,seeds,T. congolense,10mg/ml,10,2,0,FALSE,NA
M. oleifera,seeds,T. congolense,10mg/ml,10,3,0,FALSE,NA
M. oleifera,seeds,T. congolense,10mg/ml,10,4,0,FALSE,NA
M. oleifera,seeds,T. congolense,10mg/ml,10,5,0,FALSE,NA
M. oleifera,seeds,T. congolense,10mg/ml,10,6,0,FALSE,NA
M. oleifera,seeds,T. congolense,10mg/ml,10,7,0,FALSE,NA
M. oleifera,seeds,T. congolense,10mg/ml,10,8,0,FALSE,NA
M. oleifera,seeds,T. congolense,10mg/ml,10,9,1.23,FALSE,NA
M. oleifera,seeds,T. congolense,10mg/ml,10,10,1.49,FALSE,NA
M. oleifera,seeds,T. congolense,10mg/ml,10,11,1.57,FALSE,NA
M. oleifera,seeds,T. congolense,10mg/ml,10,12,2.63,FALSE,NA
M. oleifera,seeds,T. congolense,10mg/ml,10,13,3.31,FALSE,NA
M. oleifera,seeds,T. congolense,10mg/ml,10,14,4.06,FALSE,NA
M. oleifera,seeds,T. congolense,10mg/ml,10,15,4.45,FALSE,NA
M. oleifera,seeds,T. congolense,10mg/ml,10,16,4.28,FALSE,NA
M. oleifera,seeds,T. congolense,10mg/ml,10,17,4.39,FALSE,NA
M. oleifera,seeds,T. congolense,10mg/ml,10,18,4.3,FALSE,NA
M. oleifera,seeds,T. congolense,10mg/ml,10,19,3.74,FALSE,NA
M. oleifera,seeds,T. congolense,10mg/ml,10,20,3.85,FALSE,NA
M. oleifera,seeds,T. congolense,10mg/ml,10,21,4.35,FALSE,NA
M. oleifera,seeds,T. congolense,10mg/ml,10,22,4.6,FALSE,NA
M. oleifera,seeds,T. congolense,10mg/ml,10,23,4.89,FALSE,NA
M. oleifera,seeds,T. congolense,10mg/ml,10,24,5,FALSE,NA
M. oleifera,seeds,T. congolense,10mg/ml,10,25,NA,TRUE,NA
M. oleifera,seeds,T. congolense,10mg/ml,10,26,NA,TRUE,NA
M. oleifera,seeds,T. congolense,10mg/ml,10,27,NA,TRUE,NA
M. oleifera,seeds,T. congolense,10mg/ml,10,28,NA,TRUE,NA
M. oleifera,seeds,T. congolense,10mg/ml,10,29,NA,TRUE,NA
M. oleifera,seeds,T. congolense,10mg/ml,10,30,NA,TRUE,NA
M. oleifera,seeds,T. congolense,10mg/ml,10,31,NA,TRUE,NA
M. oleifera,seeds,T. congolense,10mg/ml,10,32,NA,TRUE,NA
M. oleifera,seeds,T. congolense,10mg/ml,10,33,NA,TRUE,NA
M. oleifera,seeds,T. congolense,10mg/ml,10,34,NA,TRUE,NA
M. oleifera,seeds,T. congolense,10mg/ml,10,35,NA,TRUE,NA
M. oleifera,seeds,T. congolense,10mg/ml,10,36,NA,TRUE,NA
M. oleifera,seeds,T. congolense,10mg/ml,10,37,NA,TRUE,NA
M. oleifera,seeds,T. congolense,10mg/ml,10,38,NA,TRUE,NA
M. oleifera,seeds,T. congolense,10mg/ml,10,39,NA,TRUE,NA
M. oleifera,seeds,T. congolense,10mg/ml,10,40,NA,TRUE,NA
M. oleifera,seeds,T. congolense,0.5mg/ml,0.5,1,0,FALSE,NA
M. oleifera,seeds,T. congolense,0.5mg/ml,0.5,2,0,FALSE,NA
M. oleifera,seeds,T. congolense,0.5mg/ml,0.5,3,0,FALSE,NA
M. oleifera,seeds,T. congolense,0.5mg/ml,0.5,4,0,FALSE,NA
M. oleifera,seeds,T. congolense,0.5mg/ml,0.5,5,0.41,FALSE,NA
M. oleifera,seeds,T. congolense,0.5mg/ml,0.5,6,0.77,FALSE,NA
M. oleifera,seeds,T. congolense,0.5mg/ml,0.5,7,1.97,FALSE,NA
M. oleifera,seeds,T. congolense,0.5mg/ml,0.5,8,3.13,FALSE,NA
M. oleifera,seeds,T. congolense,0.5mg/ml,0.5,9,3.78,FALSE,NA
M. oleifera,seeds,T. congolense,0.5mg/ml,0.5,10,4.22,FALSE,NA
M. oleifera,seeds,T. congolense,0.5mg/ml,0.5,11,4.49,FALSE,NA
M. oleifera,seeds,T. congolense,0.5mg/ml,0.5,12,4.79,FALSE,NA
M. oleifera,seeds,T. congolense,0.5mg/ml,0.5,13,4.84,FALSE,NA
M. oleifera,seeds,T. congolense,0.5mg/ml,0.5,14,4.65,FALSE,NA
M. oleifera,seeds,T. congolense,0.5mg/ml,0.5,15,4.7,FALSE,NA
M. oleifera,seeds,T. congolense,0.5mg/ml,0.5,16,4.9,FALSE,NA
M. oleifera,seeds,T. congolense,0.5mg/ml,0.5,17,5,FALSE,NA
M. oleifera,seeds,T. congolense,0.5mg/ml,0.5,18,NA,TRUE,NA
M. oleifera,seeds,T. congolense,0.5mg/ml,0.5,19,NA,TRUE,NA
M. oleifera,seeds,T. congolense,0.5mg/ml,0.5,20,NA,TRUE,NA
M. oleifera,seeds,T. congolense,0.5mg/ml,0.5,21,NA,TRUE,NA
M. oleifera,seeds,T. congolense,0.5mg/ml,0.5,22,NA,TRUE,NA
M. oleifera,seeds,T. congolense,0.5mg/ml,0.5,23,NA,TRUE,NA
M. oleifera,seeds,T. congolense,0.5mg/ml,0.5,24,NA,TRUE,NA
M. oleifera,seeds,T. congolense,0.5mg/ml,0.5,25,NA,TRUE,NA
M. oleifera,seeds,T. congolense,0.5mg/ml,0.5,26,NA,TRUE,NA
M. oleifera,seeds,T. congolense,0.5mg/ml,0.5,27,NA,TRUE,NA
M. oleifera,seeds,T. congolense,0.5mg/ml,0.5,28,NA,TRUE,NA
M. oleifera,seeds,T. congolense,0.5mg/ml,0.5,29,NA,TRUE,NA
M. oleifera,seeds,T. congolense,0.5mg/ml,0.5,30,NA,TRUE,NA
M. oleifera,seeds,T. congolense,0.5mg/ml,0.5,31,NA,TRUE,NA
M. oleifera,seeds,T. congolense,0.5mg/ml,0.5,32,NA,TRUE,NA
M. oleifera,seeds,T. congolense,0.5mg/ml,0.5,33,NA,TRUE,NA
M. oleifera,seeds,T. congolense,0.5mg/ml,0.5,34,NA,TRUE,NA
M. oleifera,seeds,T. congolense,0.5mg/ml,0.5,35,NA,TRUE,NA
M. oleifera,seeds,T. congolense,0.5mg/ml,0.5,36,NA,TRUE,NA
M. oleifera,seeds,T. congolense,0.5mg/ml,0.5,37,NA,TRUE,NA
M. oleifera,seeds,T. congolense,0.5mg/ml,0.5,38,NA,TRUE,NA
M. oleifera,seeds,T. congolense,0.5mg/ml,0.5,39,NA,TRUE,NA
M. oleifera,seeds,T. congolense,0.5mg/ml,0.5,40,NA,TRUE,NA
M. oleifera,seeds,T. congolense,0.01mg/ml,0.01,1,0,FALSE,NA
M. oleifera,seeds,T. congolense,0.01mg/ml,0.01,2,0,FALSE,NA
M. oleifera,seeds,T. congolense,0.01mg/ml,0.01,3,0,FALSE,NA
M. oleifera,seeds,T. congolense,0.01mg/ml,0.01,4,0,FALSE,NA
M. oleifera,seeds,T. congolense,0.01mg/ml,0.01,5,0,FALSE,NA
M. oleifera,seeds,T. congolense,0.01mg/ml,0.01,6,1.57,FALSE,NA
M. oleifera,seeds,T. congolense,0.01mg/ml,0.01,7,2.57,FALSE,NA
M. oleifera,seeds,T. congolense,0.01mg/ml,0.01,8,3.43,FALSE,NA
M. oleifera,seeds,T. congolense,0.01mg/ml,0.01,9,3.88,FALSE,NA
M. oleifera,seeds,T. congolense,0.01mg/ml,0.01,10,4.3,FALSE,NA
M. oleifera,seeds,T. congolense,0.01mg/ml,0.01,11,4.62,FALSE,NA
M. oleifera,seeds,T. congolense,0.01mg/ml,0.01,12,4.8,FALSE,NA
M. oleifera,seeds,T. congolense,0.01mg/ml,0.01,13,4.89,FALSE,NA
M. oleifera,seeds,T. congolense,0.01mg/ml,0.01,14,5,FALSE,NA
M. oleifera,seeds,T. congolense,0.01mg/ml,0.01,15,5,FALSE,NA
M. oleifera,seeds,T. congolense,0.01mg/ml,0.01,16,NA,TRUE,NA
M. oleifera,seeds,T. congolense,0.01mg/ml,0.01,17,NA,TRUE,NA
M. oleifera,seeds,T. congolense,0.01mg/ml,0.01,18,NA,TRUE,NA
M. oleifera,seeds,T. congolense,0.01mg/ml,0.01,19,NA,TRUE,NA
M. oleifera,seeds,T. congolense,0.01mg/ml,0.01,20,NA,TRUE,NA
M. oleifera,seeds,T. congolense,0.01mg/ml,0.01,21,NA,TRUE,NA
M. oleifera,seeds,T. congolense,0.01mg/ml,0.01,22,NA,TRUE,NA
M. oleifera,seeds,T. congolense,0.01mg/ml,0.01,23,NA,TRUE,NA
M. oleifera,seeds,T. congolense,0.01mg/ml,0.01,24,NA,TRUE,NA
M. oleifera,seeds,T. congolense,0.01mg/ml,0.01,25,NA,TRUE,NA
M. oleifera,seeds,T. congolense,0.01mg/ml,0.01,26,NA,TRUE,NA
M. oleifera,seeds,T. congolense,0.01mg/ml,0.01,27,NA,TRUE,NA
M. oleifera,seeds,T. congolense,0.01mg/ml,0.01,28,NA,TRUE,NA
M. oleifera,seeds,T. congolense,0.01mg/ml,0.01,29,NA,TRUE,NA
M. oleifera,seeds,T. congolense,0.01mg/ml,0.01,30,NA,TRUE,NA
M. oleifera,seeds,T. congolense,0.01mg/ml,0.01,31,NA,TRUE,NA
M. oleifera,seeds,T. congolense,0.01mg/ml,0.01,32,NA,TRUE,NA
M. oleifera,seeds,T. congolense,0.01mg/ml,0.01,33,NA,TRUE,NA
M. oleifera,seeds,T. congolense,0.01mg/ml,0.01,34,NA,TRUE,NA
M. oleifera,seeds,T. congolense,0.01mg/ml,0.01,35,NA,TRUE,NA
M. oleifera,seeds,T. congolense,0.01mg/ml,0.01,36,NA,TRUE,NA
M. oleifera,seeds,T. congolense,0.01mg/ml,0.01,37,NA,TRUE,NA
M. oleifera,seeds,T. congolense,0.01mg/ml,0.01,38,NA,TRUE,NA
M. oleifera,seeds,T. congolense,0.01mg/ml,0.01,39,NA,TRUE,NA
M. oleifera,seeds,T. congolense,0.01mg/ml,0.01,40,NA,TRUE,NA
M. oleifera,seeds,T. congolense,0.005mg/ml,0.005,1,0,FALSE,NA
M. oleifera,seeds,T. congolense,0.005mg/ml,0.005,2,0,FALSE,NA
M. oleifera,seeds,T. congolense,0.005mg/ml,0.005,3,0,FALSE,NA
M. oleifera,seeds,T. congolense,0.005mg/ml,0.005,4,0,FALSE,NA
M. oleifera,seeds,T. congolense,0.005mg/ml,0.005,5,0,FALSE,NA
M. oleifera,seeds,T. congolense,0.005mg/ml,0.005,6,0,FALSE,NA
M. oleifera,seeds,T. congolense,0.005mg/ml,0.005,7,0,FALSE,NA
M. oleifera,seeds,T. congolense,0.005mg/ml,0.005,8,0,FALSE,NA
M. oleifera,seeds,T. congolense,0.005mg/ml,0.005,9,0,FALSE,NA
M. oleifera,seeds,T. congolense,0.005mg/ml,0.005,10,0,FALSE,NA
M. oleifera,seeds,T. congolense,0.005mg/ml,0.005,11,0,FALSE,NA
M. oleifera,seeds,T. congolense,0.005mg/ml,0.005,12,0,FALSE,NA
M. oleifera,seeds,T. congolense,0.005mg/ml,0.005,13,0,FALSE,NA
M. oleifera,seeds,T. congolense,0.005mg/ml,0.005,14,0.41,FALSE,NA
M. oleifera,seeds,T. congolense,0.005mg/ml,0.005,15,1.23,FALSE,NA
M. oleifera,seeds,T. congolense,0.005mg/ml,0.005,16,1.33,FALSE,NA
M. oleifera,seeds,T. congolense,0.005mg/ml,0.005,17,1.43,FALSE,NA
M. oleifera,seeds,T. congolense,0.005mg/ml,0.005,18,1.49,FALSE,NA
M. oleifera,seeds,T. congolense,0.005mg/ml,0.005,19,1.63,FALSE,NA
M. oleifera,seeds,T. congolense,0.005mg/ml,0.005,20,1.67,FALSE,NA
M. oleifera,seeds,T. congolense,0.005mg/ml,0.005,21,2.13,FALSE,NA
M. oleifera,seeds,T. congolense,0.005mg/ml,0.005,22,2.77,FALSE,NA
M. oleifera,seeds,T. congolense,0.005mg/ml,0.005,23,1.5,FALSE,NA
M. oleifera,seeds,T. congolense,0.005mg/ml,0.005,24,1.5,FALSE,NA
M. oleifera,seeds,T. congolense,0.005mg/ml,0.005,25,1.5,FALSE,NA
M. oleifera,seeds,T. congolense,0.005mg/ml,0.005,26,1.65,FALSE,NA
M. oleifera,seeds,T. congolense,0.005mg/ml,0.005,27,1.65,FALSE,NA
M. oleifera,seeds,T. congolense,0.005mg/ml,0.005,28,1.65,FALSE,NA
M. oleifera,seeds,T. congolense,0.005mg/ml,0.005,29,1.65,FALSE,NA
M. oleifera,seeds,T. congolense,0.005mg/ml,0.005,30,2,FALSE,NA
M. oleifera,seeds,T. congolense,0.005mg/ml,0.005,31,2,FALSE,NA
M. oleifera,seeds,T. congolense,0.005mg/ml,0.005,32,2,FALSE,NA
M. oleifera,seeds,T. congolense,0.005mg/ml,0.005,33,2.35,FALSE,NA
M. oleifera,seeds,T. congolense,0.005mg/ml,0.005,34,2.45,FALSE,NA
M. oleifera,seeds,T. congolense,0.005mg/ml,0.005,35,2.5,FALSE,NA
M. oleifera,seeds,T. congolense,0.005mg/ml,0.005,36,NA,TRUE,NA
M. oleifera,seeds,T. congolense,0.005mg/ml,0.005,37,NA,TRUE,NA
M. oleifera,seeds,T. congolense,0.005mg/ml,0.005,38,NA,TRUE,NA
M. oleifera,seeds,T. congolense,0.005mg/ml,0.005,39,NA,TRUE,NA
M. oleifera,seeds,T. congolense,0.005mg/ml,0.005,40,NA,TRUE,NA
M. oleifera,seeds,T. congolense,Negative Control,NA,1,0,FALSE,NA
M. oleifera,seeds,T. congolense,Negative Control,NA,2,0,FALSE,NA
M. oleifera,seeds,T. congolense,Negative Control,NA,3,0,FALSE,NA
M. oleifera,seeds,T. congolense,Negative Control,NA,4,0,FALSE,NA
M. oleifera,seeds,T. congolense,Negative Control,NA,5,1.73,FALSE,NA
M. oleifera,seeds,T. congolense,Negative Control,NA,6,2.56,FALSE,NA
M. oleifera,seeds,T. congolense,Negative Control,NA,7,3.57,FALSE,NA
M. oleifera,seeds,T. congolense,Negative Control,NA,8,4.3,FALSE,NA
M. oleifera,seeds,T. congolense,Negative Control,NA,9,4.49,FALSE,NA
M. oleifera,seeds,T. congolense,Negative Control,NA,10,4.59,FALSE,NA
M. oleifera,seeds,T. congolense,Negative Control,NA,11,4.35,FALSE,NA
M. oleifera,seeds,T. congolense,Negative Control,NA,12,4.59,FALSE,NA
M. oleifera,seeds,T. congolense,Negative Control,NA,13,4.7,FALSE,NA
M. oleifera,seeds,T. congolense,Negative Control,NA,14,4.9,FALSE,NA
M. oleifera,seeds,T. congolense,Negative Control,NA,15,5,FALSE,NA
M. oleifera,seeds,T. congolense,Negative Control,NA,16,5,FALSE,NA
M. oleifera,seeds,T. congolense,Negative Control,NA,17,NA,TRUE,NA
M. oleifera,seeds,T. congolense,Negative Control,NA,18,NA,TRUE,NA
M. oleifera,seeds,T. congolense,Negative Control,NA,19,NA,TRUE,NA
M. oleifera,seeds,T. congolense,Negative Control,NA,20,NA,TRUE,NA
M. oleifera,seeds,T. congolense,Negative Control,NA,21,NA,TRUE,NA
M. oleifera,seeds,T. congolense,Negative Control,NA,22,NA,TRUE,NA
M. oleifera,seeds,T. congolense,Negative Control,NA,23,NA,TRUE,NA
M. oleifera,seeds,T. congolense,Negative Control,NA,24,NA,TRUE,NA
M. oleifera,seeds,T. congolense,Negative Control,NA,25,NA,TRUE,NA
M. oleifera,seeds,T. congolense,Negative Control,NA,26,NA,TRUE,NA
M. oleifera,seeds,T. congolense,Negative Control,NA,27,NA,TRUE,NA
M. oleifera,seeds,T. congolense,Negative Control,NA,28,NA,TRUE,NA
M. oleifera,seeds,T. congolense,Negative Control,NA,29,NA,TRUE,NA
M. oleifera,seeds,T. congolense,Negative Control,NA,30,NA,TRUE,NA
M. oleifera,seeds,T. congolense,Negative Control,NA,31,NA,TRUE,NA
M. oleifera,seeds,T. congolense,Negative Control,NA,32,NA,TRUE,NA
M. oleifera,seeds,T. congolense,Negative Control,NA,33,NA,TRUE,NA
M. oleifera,seeds,T. congolense,Negative Control,NA,34,NA,TRUE,NA
M. oleifera,seeds,T. congolense,Negative Control,NA,35,NA,TRUE,NA
M. oleifera,seeds,T. congolense,Negative Control,NA,36,NA,TRUE,NA
M. oleifera,seeds,T. congolense,Negative Control,NA,37,NA,TRUE,NA
M. oleifera,seeds,T. congolense,Negative Control,NA,38,NA,TRUE,NA
M. oleifera,seeds,T. congolense,Negative Control,NA,39,NA,TRUE,NA
M. oleifera,seeds,T. congolense,Negative Control,NA,40,NA,TRUE,NA
M. oleifera,seeds,T. congolense,Positive Control,NA,1,0,FALSE,NA
M. oleifera,seeds,T. congolense,Positive Control,NA,2,0,FALSE,NA
M. oleifera,seeds,T. congolense,Positive Control,NA,3,0,FALSE,NA
M. oleifera,seeds,T. congolense,Positive Control,NA,4,0,FALSE,NA
M. oleifera,seeds,T. congolense,Positive Control,NA,5,0,FALSE,NA
M. oleifera,seeds,T. congolense,Positive Control,NA,6,0,FALSE,NA
M. oleifera,seeds,T. congolense,Positive Control,NA,7,0,FALSE,NA
M. oleifera,seeds,T. congolense,Positive Control,NA,8,0,FALSE,NA
M. oleifera,seeds,T. congolense,Positive Control,NA,9,0,FALSE,NA
M. oleifera,seeds,T. congolense,Positive Control,NA,10,0,FALSE,NA
M. oleifera,seeds,T. congolense,Positive Control,NA,11,0,FALSE,NA
M. oleifera,seeds,T. congolense,Positive Control,NA,12,0,FALSE,NA
M. oleifera,seeds,T. congolense,Positive Control,NA,13,0,FALSE,NA
M. oleifera,seeds,T. congolense,Positive Control,NA,14,0,FALSE,NA
M. oleifera,seeds,T. congolense,Positive Control,NA,15,0,FALSE,NA
M. oleifera,seeds,T. congolense,Positive Control,NA,16,0,FALSE,NA
M. oleifera,seeds,T. congolense,Positive Control,NA,17,0,FALSE,NA
M. oleifera,seeds,T. congolense,Positive Control,NA,18,0,FALSE,NA
M. oleifera,seeds,T. congolense,Positive Control,NA,19,0,FALSE,NA
M. oleifera,seeds,T. congolense,Positive Control,NA,20,0,FALSE,NA
M. oleifera,seeds,T. congolense,Positive Control,NA,21,0,FALSE,NA
M. oleifera,seeds,T. congolense,Positive Control,NA,22,0,FALSE,NA
M. oleifera,seeds,T. congolense,Positive Control,NA,23,0,FALSE,NA
M. oleifera,seeds,T. congolense,Positive Control,NA,24,0,FALSE,NA
M. oleifera,seeds,T. congolense,Positive Control,NA,25,0,FALSE,NA
M. oleifera,seeds,T. congolense,Positive Control,NA,26,0,FALSE,NA
M. oleifera,seeds,T. congolense,Positive Control,NA,27,0,FALSE,NA
M. oleifera,seeds,T. congolense,Positive Control,NA,28,0,FALSE,NA
M. oleifera,seeds,T. congolense,Positive Control,NA,29,0,FALSE,NA
M. oleifera,seeds,T. congolense,Positive Control,NA,30,0,FALSE,NA
M. oleifera,seeds,T. congolense,Positive Control,NA,31,0,FALSE,NA
M. oleifera,seeds,T. congolense,Positive Control,NA,32,0,FALSE,NA
M. oleifera,seeds,T. congolense,Positive Control,NA,33,0,FALSE,NA
M. oleifera,seeds,T. congolense,Positive Control,NA,34,0,FALSE,NA
M. oleifera,seeds,T. congolense,Positive Control,NA,35,0,FALSE,NA
M. oleifera,seeds,T. congolense,Positive Control,NA,36,0,FALSE,NA
M. oleifera,seeds,T. congolense,Positive Control,NA,37,0,FALSE,NA
M. oleifera,seeds,T. congolense,Positive Control,NA,38,0,FALSE,NA
M. oleifera,seeds,T. congolense,Positive Control,NA,39,0,FALSE,NA
M. oleifera,seeds,T. congolense,Positive Control,NA,40,0,FALSE,NA
M. oleifera,roots,T. congolense,100mg/ml,100,1,0,FALSE,NA
M. oleifera,roots,T. congolense,100mg/ml,100,2,0,FALSE,NA
M. oleifera,roots,T. congolense,100mg/ml,100,3,0,FALSE,NA
M. oleifera,roots,T. congolense,100mg/ml,100,4,0,FALSE,NA
M. oleifera,roots,T. congolense,100mg/ml,100,5,0,FALSE,NA
M. oleifera,roots,T. congolense,100mg/ml,100,6,0,FALSE,NA
M. oleifera,roots,T. congolense,100mg/ml,100,7,0,FALSE,NA
M. oleifera,roots,T. congolense,100mg/ml,100,8,0,FALSE,NA
M. oleifera,roots,T. congolense,100mg/ml,100,9,0,FALSE,NA
M. oleifera,roots,T. congolense,100mg/ml,100,10,0,FALSE,NA
M. oleifera,roots,T. congolense,100mg/ml,100,11,0,FALSE,NA
M. oleifera,roots,T. congolense,100mg/ml,100,12,0,FALSE,NA
M. oleifera,roots,T. congolense,100mg/ml,100,13,0,FALSE,NA
M. oleifera,roots,T. congolense,100mg/ml,100,14,0,FALSE,NA
M. oleifera,roots,T. congolense,100mg/ml,100,15,0,FALSE,NA
M. oleifera,roots,T. congolense,100mg/ml,100,16,0,FALSE,NA
M. oleifera,roots,T. congolense,100mg/ml,100,17,0,FALSE,NA
M. oleifera,roots,T. congolense,100mg/ml,100,18,0,FALSE,NA
M. oleifera,roots,T. congolense,100mg/ml,100,19,0,FALSE,NA
M. oleifera,roots,T. congolense,100mg/ml,100,20,0,FALSE,NA
M. oleifera,roots,T. congolense,100mg/ml,100,21,0,FALSE,NA
M. oleifera,roots,T. congolense,100mg/ml,100,22,0,FALSE,NA
M. oleifera,roots,T. congolense,100mg/ml,100,23,0,FALSE,NA
M. oleifera,roots,T. congolense,100mg/ml,100,24,0,FALSE,NA
M. oleifera,roots,T. congolense,100mg/ml,100,25,0,FALSE,NA
M. oleifera,roots,T. congolense,100mg/ml,100,26,0,FALSE,NA
M. oleifera,roots,T. congolense,100mg/ml,100,27,0,FALSE,NA
M. oleifera,roots,T. congolense,100mg/ml,100,28,0,FALSE,NA
M. oleifera,roots,T. congolense,100mg/ml,100,29,0,FALSE,NA
M. oleifera,roots,T. congolense,100mg/ml,100,30,0,FALSE,NA
M. oleifera,roots,T. congolense,100mg/ml,100,31,0,FALSE,NA
M. oleifera,roots,T. congolense,100mg/ml,100,32,0,FALSE,NA
M. oleifera,roots,T. congolense,100mg/ml,100,33,0,FALSE,NA
M. oleifera,roots,T. congolense,100mg/ml,100,34,0,FALSE,NA
M. oleifera,roots,T. congolense,100mg/ml,100,35,0,FALSE,NA
M. oleifera,roots,T. congolense,100mg/ml,100,36,0,FALSE,NA
M. oleifera,roots,T. congolense,100mg/ml,100,37,0,FALSE,NA
M. oleifera,roots,T. congolense,100mg/ml,100,38,0,FALSE,NA
M. oleifera,roots,T. congolense,100mg/ml,100,39,0,FALSE,NA
M. oleifera,roots,T. congolense,100mg/ml,100,40,0,FALSE,NA
M. oleifera,roots,T. congolense,10mg/ml,10,1,0,FALSE,NA
M. oleifera,roots,T. congolense,10mg/ml,10,2,0,FALSE,NA
M. oleifera,roots,T. congolense,10mg/ml,10,3,0,FALSE,NA
M. oleifera,roots,T. congolense,10mg/ml,10,4,0,FALSE,NA
M. oleifera,roots,T. congolense,10mg/ml,10,5,0,FALSE,NA
M. oleifera,roots,T. congolense,10mg/ml,10,6,0,FALSE,NA
M. oleifera,roots,T. congolense,10mg/ml,10,7,0,FALSE,NA
M. oleifera,roots,T. congolense,10mg/ml,10,8,0,FALSE,NA
M. oleifera,roots,T. congolense,10mg/ml,10,9,0,FALSE,NA
M. oleifera,roots,T. congolense,10mg/ml,10,10,0,FALSE,NA
M. oleifera,roots,T. congolense,10mg/ml,10,11,0,FALSE,NA
M. oleifera,roots,T. congolense,10mg/ml,10,12,0,FALSE,NA
M. oleifera,roots,T. congolense,10mg/ml,10,13,0,FALSE,NA
M. oleifera,roots,T. congolense,10mg/ml,10,14,0,FALSE,NA
M. oleifera,roots,T. congolense,10mg/ml,10,15,0,FALSE,NA
M. oleifera,roots,T. congolense,10mg/ml,10,16,0,FALSE,NA
M. oleifera,roots,T. congolense,10mg/ml,10,17,0,FALSE,NA
M. oleifera,roots,T. congolense,10mg/ml,10,18,0,FALSE,NA
M. oleifera,roots,T. congolense,10mg/ml,10,19,0,FALSE,NA
M. oleifera,roots,T. congolense,10mg/ml,10,20,0,FALSE,NA
M. oleifera,roots,T. congolense,10mg/ml,10,21,0,FALSE,NA
M. oleifera,roots,T. congolense,10mg/ml,10,22,0,FALSE,NA
M. oleifera,roots,T. congolense,10mg/ml,10,23,0,FALSE,NA
M. oleifera,roots,T. congolense,10mg/ml,10,24,0,FALSE,NA
M. oleifera,roots,T. congolense,10mg/ml,10,25,0,FALSE,NA
M. oleifera,roots,T. congolense,10mg/ml,10,26,0,FALSE,NA
M. oleifera,roots,T. congolense,10mg/ml,10,27,0,FALSE,NA
M. oleifera,roots,T. congolense,10mg/ml,10,28,0,FALSE,NA
M. oleifera,roots,T. congolense,10mg/ml,10,29,0,FALSE,NA
M. oleifera,roots,T. congolense,10mg/ml,10,30,0,FALSE,NA
M. oleifera,roots,T. congolense,10mg/ml,10,31,0,FALSE,NA
M. oleifera,roots,T. congolense,10mg/ml,10,32,0,FALSE,NA
M. oleifera,roots,T. congolense,10mg/ml,10,33,0,FALSE,NA
M. oleifera,roots,T. congolense,10mg/ml,10,34,0,FALSE,NA
M. oleifera,roots,T. congolense,10mg/ml,10,35,0,FALSE,NA
M. oleifera,roots,T. congolense,10mg/ml,10,36,0,FALSE,NA
M. oleifera,roots,T. congolense,10mg/ml,10,37,0,FALSE,NA
M. oleifera,roots,T. congolense,10mg/ml,10,38,0,FALSE,NA
M. oleifera,roots,T. congolense,10mg/ml,10,39,0,FALSE,NA
M. oleifera,roots,T. congolense,10mg/ml,10,40,0,FALSE,NA
M. oleifera,roots,T. congolense,0.5mg/ml,0.5,1,0,FALSE,NA
M. oleifera,roots,T. congolense,0.5mg/ml,0.5,2,0,FALSE,NA
M. oleifera,roots,T. congolense,0.5mg/ml,0.5,3,0,FALSE,NA
M. oleifera,roots,T. congolense,0.5mg/ml,0.5,4,0,FALSE,NA
M. oleifera,roots,T. congolense,0.5mg/ml,0.5,5,0,FALSE,NA
M. oleifera,roots,T. congolense,0.5mg/ml,0.5,6,0,FALSE,NA
M. oleifera,roots,T. congolense,0.5mg/ml,0.5,7,0,FALSE,NA
M. oleifera,roots,T. congolense,0.5mg/ml,0.5,8,0,FALSE,NA
M. oleifera,roots,T. congolense,0.5mg/ml,0.5,9,1.53,FALSE,NA
M. oleifera,roots,T. congolense,0.5mg/ml,0.5,10,2.47,FALSE,NA
M. oleifera,roots,T. congolense,0.5mg/ml,0.5,11,3.36,FALSE,NA
M. oleifera,roots,T. congolense,0.5mg/ml,0.5,12,4.19,FALSE,NA
M. oleifera,roots,T. congolense,0.5mg/ml,0.5,13,4.56,FALSE,NA
M. oleifera,roots,T. congolense,0.5mg/ml,0.5,14,3.33,FALSE,NA
M. oleifera,roots,T. congolense,0.5mg/ml,0.5,15,0,FALSE,NA
M. oleifera,roots,T. congolense,0.5mg/ml,0.5,16,1.7,FALSE,NA
M. oleifera,roots,T. congolense,0.5mg/ml,0.5,17,3.3,FALSE,NA
M. oleifera,roots,T. congolense,0.5mg/ml,0.5,18,4.4,FALSE,NA
M. oleifera,roots,T. congolense,0.5mg/ml,0.5,19,4.94,FALSE,NA
M. oleifera,roots,T. congolense,0.5mg/ml,0.5,20,5,FALSE,NA
M. oleifera,roots,T. congolense,0.5mg/ml,0.5,21,5,FALSE,NA
M. oleifera,roots,T. congolense,0.5mg/ml,0.5,22,5,FALSE,NA
M. oleifera,roots,T. congolense,0.5mg/ml,0.5,23,NA,TRUE,NA
M. oleifera,roots,T. congolense,0.5mg/ml,0.5,24,NA,TRUE,NA
M. oleifera,roots,T. congolense,0.5mg/ml,0.5,25,NA,TRUE,NA
M. oleifera,roots,T. congolense,0.5mg/ml,0.5,26,NA,TRUE,NA
M. oleifera,roots,T. congolense,0.5mg/ml,0.5,27,NA,TRUE,NA
M. oleifera,roots,T. congolense,0.5mg/ml,0.5,28,NA,TRUE,NA
M. oleifera,roots,T. congolense,0.5mg/ml,0.5,29,NA,TRUE,NA
M. oleifera,roots,T. congolense,0.5mg/ml,0.5,30,NA,TRUE,NA
M. oleifera,roots,T. congolense,0.5mg/ml,0.5,31,NA,TRUE,NA
M. oleifera,roots,T. congolense,0.5mg/ml,0.5,32,NA,TRUE,NA
M. oleifera,roots,T. congolense,0.5mg/ml,0.5,33,NA,TRUE,NA
M. oleifera,roots,T. congolense,0.5mg/ml,0.5,34,NA,TRUE,NA
M. oleifera,roots,T. congolense,0.5mg/ml,0.5,35,NA,TRUE,NA
M. oleifera,roots,T. congolense,0.5mg/ml,0.5,36,NA,TRUE,NA
M. oleifera,roots,T. congolense,0.5mg/ml,0.5,37,NA,TRUE,NA
M. oleifera,roots,T. congolense,0.5mg/ml,0.5,38,NA,TRUE,NA
M. oleifera,roots,T. congolense,0.5mg/ml,0.5,39,NA,TRUE,NA
M. oleifera,roots,T. congolense,0.5mg/ml,0.5,40,NA,TRUE,NA
M. oleifera,roots,T. congolense,0.01mg/ml,0.01,1,0,FALSE,NA
M. oleifera,roots,T. congolense,0.01mg/ml,0.01,2,0,FALSE,NA
M. oleifera,roots,T. congolense,0.01mg/ml,0.01,3,0,FALSE,NA
M. oleifera,roots,T. congolense,0.01mg/ml,0.01,4,0,FALSE,NA
M. oleifera,roots,T. congolense,0.01mg/ml,0.01,5,0,FALSE,NA
M. oleifera,roots,T. congolense,0.01mg/ml,0.01,6,0,FALSE,NA
M. oleifera,roots,T. congolense,0.01mg/ml,0.01,7,0,FALSE,NA
M. oleifera,roots,T. congolense,0.01mg/ml,0.01,8,0,FALSE,NA
M. oleifera,roots,T. congolense,0.01mg/ml,0.01,9,0.67,FALSE,NA
M. oleifera,roots,T. congolense,0.01mg/ml,0.01,10,2.23,FALSE,NA
M. oleifera,roots,T. congolense,0.01mg/ml,0.01,11,3.79,FALSE,NA
M. oleifera,roots,T. congolense,0.01mg/ml,0.01,12,4.47,FALSE,NA
M. oleifera,roots,T. congolense,0.01mg/ml,0.01,13,4.56,FALSE,NA
M. oleifera,roots,T. congolense,0.01mg/ml,0.01,14,4.54,FALSE,NA
M. oleifera,roots,T. congolense,0.01mg/ml,0.01,15,3.39,FALSE,NA
M. oleifera,roots,T. congolense,0.01mg/ml,0.01,16,3.98,FALSE,NA
M. oleifera,roots,T. congolense,0.01mg/ml,0.01,17,4.41,FALSE,NA
M. oleifera,roots,T. congolense,0.01mg/ml,0.01,18,4.84,FALSE,NA
M. oleifera,roots,T. congolense,0.01mg/ml,0.01,19,5,FALSE,NA
M. oleifera,roots,T. congolense,0.01mg/ml,0.01,20,5,FALSE,NA
M. oleifera,roots,T. congolense,0.01mg/ml,0.01,21,NA,TRUE,NA
M. oleifera,roots,T. congolense,0.01mg/ml,0.01,22,NA,TRUE,NA
M. oleifera,roots,T. congolense,0.01mg/ml,0.01,23,NA,TRUE,NA
M. oleifera,roots,T. congolense,0.01mg/ml,0.01,24,NA,TRUE,NA
M. oleifera,roots,T. congolense,0.01mg/ml,0.01,25,NA,TRUE,NA
M. oleifera,roots,T. congolense,0.01mg/ml,0.01,26,NA,TRUE,NA
M. oleifera,roots,T. congolense,0.01mg/ml,0.01,27,NA,TRUE,NA
M. oleifera,roots,T. congolense,0.01mg/ml,0.01,28,NA,TRUE,NA
M. oleifera,roots,T. congolense,0.01mg/ml,0.01,29,NA,TRUE,NA
M. oleifera,roots,T. congolense,0.01mg/ml,0.01,30,NA,TRUE,NA
M. oleifera,roots,T. congolense,0.01mg/ml,0.01,31,NA,TRUE,NA
M. oleifera,roots,T. congolense,0.01mg/ml,0.01,32,NA,TRUE,NA
M. oleifera,roots,T. congolense,0.01mg/ml,0.01,33,NA,TRUE,NA
M. oleifera,roots,T. congolense,0.01mg/ml,0.01,34,NA,TRUE,NA
M. oleifera,roots,T. congolense,0.01mg/ml,0.01,35,NA,TRUE,NA
M. oleifera,roots,T. congolense,0.01mg/ml,0.01,36,NA,TRUE,NA
M. oleifera,roots,T. congolense,0.01mg/ml,0.01,37,NA,TRUE,NA
M. oleifera,roots,T. congolense,0.01mg/ml,0.01,38,NA,TRUE,NA
M. oleifera,roots,T. congolense,0.01mg/ml,0.01,39,NA,TRUE,NA
M. oleifera,roots,T. congolense,0.01mg/ml,0.01,40,NA,TRUE,NA
M. oleifera,roots,T. congolense,0.005mg/ml,0.005,1,0,FALSE,NA
M. oleifera,roots,T. congolense,0.005mg/ml,0.005,2,0,FALSE,NA
M. oleifera,roots,T. congolense,0.005mg/ml,0.005,3,0,FALSE,NA
M. oleifera,roots,T. congolense,0.005mg/ml,0.005,4,0,FALSE,NA
M. oleifera,roots,T. congolense,0.005mg/ml,0.005,5,0.41,FALSE,NA
M. oleifera,roots,T. congolense,0.005mg/ml,0.005,6,0.87,FALSE,NA
M. oleifera,roots,T. congolense,0.005mg/ml,0.005,7,2.04,FALSE,NA
M. oleifera,roots,T. congolense,0.005mg/ml,0.005,8,2.63,FALSE,NA
M. oleifera,roots,T. congolense,0.005mg/ml,0.005,9,3.16,FALSE,NA
M. oleifera,roots,T. congolense,0.005mg/ml,0.005,10,3.39,FALSE,NA
M. oleifera,roots,T. congolense,0.005mg/ml,0.005,11,4.05,FALSE,NA
M. oleifera,roots,T. congolense,0.005mg/ml,0.005,12,4.67,FALSE,NA
M. oleifera,roots,T. congolense,0.005mg/ml,0.005,13,4.74,FALSE,NA
M. oleifera,roots,T. congolense,0.005mg/ml,0.005,14,5,FALSE,NA
M. oleifera,roots,T. congolense,0.005mg/ml,0.005,15,NA,TRUE,NA
M. oleifera,roots,T. congolense,0.005mg/ml,0.005,16,NA,TRUE,NA
M. oleifera,roots,T. congolense,0.005mg/ml,0.005,17,NA,TRUE,NA
M. oleifera,roots,T. congolense,0.005mg/ml,0.005,18,NA,TRUE,NA
M. oleifera,roots,T. congolense,0.005mg/ml,0.005,19,NA,TRUE,NA
M. oleifera,roots,T. congolense,0.005mg/ml,0.005,20,NA,TRUE,NA
M. oleifera,roots,T. congolense,0.005mg/ml,0.005,21,NA,TRUE,NA
M. oleifera,roots,T. congolense,0.005mg/ml,0.005,22,NA,TRUE,NA
M. oleifera,roots,T. congolense,0.005mg/ml,0.005,23,NA,TRUE,NA
M. oleifera,roots,T. congolense,0.005mg/ml,0.005,24,NA,TRUE,NA
M. oleifera,roots,T. congolense,0.005mg/ml,0.005,25,NA,TRUE,NA
M. oleifera,roots,T. congolense,0.005mg/ml,0.005,26,NA,TRUE,NA
M. oleifera,roots,T. congolense,0.005mg/ml,0.005,27,NA,TRUE,NA
M. oleifera,roots,T. congolense,0.005mg/ml,0.005,28,NA,TRUE,NA
M. oleifera,roots,T. congolense,0.005mg/ml,0.005,29,NA,TRUE,NA
M. oleifera,roots,T. congolense,0.005mg/ml,0.005,30,NA,TRUE,NA
M. oleifera,roots,T. congolense,0.005mg/ml,0.005,31,NA,TRUE,NA
M. oleifera,roots,T. congolense,0.005mg/ml,0.005,32,NA,TRUE,NA
M. oleifera,roots,T. congolense,0.005mg/ml,0.005,33,NA,TRUE,NA
M. oleifera,roots,T. congolense,0.005mg/ml,0.005,34,NA,TRUE,NA
M. oleifera,roots,T. congolense,0.005mg/ml,0.005,35,NA,TRUE,NA
M. oleifera,roots,T. congolense,0.005mg/ml,0.005,36,NA,TRUE,NA
M. oleifera,roots,T. congolense,0.005mg/ml,0.005,37,NA,TRUE,NA
M. oleifera,roots,T. congolense,0.005mg/ml,0.005,38,NA,TRUE,NA
M. oleifera,roots,T. congolense,0.005mg/ml,0.005,39,NA,TRUE,NA
M. oleifera,roots,T. congolense,0.005mg/ml,0.005,40,NA,TRUE,NA
M. oleifera,roots,T. congolense,Negative Control,NA,1,0,FALSE,NA
M. oleifera,roots,T. congolense,Negative Control,NA,2,0,FALSE,NA
M. oleifera,roots,T. congolense,Negative Control,NA,3,0,FALSE,NA
M. oleifera,roots,T. congolense,Negative Control,NA,4,0,FALSE,NA
M. oleifera,roots,T. congolense,Negative Control,NA,5,0.76,FALSE,NA
M. oleifera,roots,T. congolense,Negative Control,NA,6,1.73,FALSE,NA
M. oleifera,roots,T. congolense,Negative Control,NA,7,3.16,FALSE,NA
M. oleifera,roots,T. congolense,Negative Control,NA,8,4.55,FALSE,NA
M. oleifera,roots,T. congolense,Negative Control,NA,9,5,FALSE,NA
M. oleifera,roots,T. congolense,Negative Control,NA,10,5,FALSE,NA
M. oleifera,roots,T. congolense,Negative Control,NA,11,NA,TRUE,NA
M. oleifera,roots,T. congolense,Negative Control,NA,12,NA,TRUE,NA
M. oleifera,roots,T. congolense,Negative Control,NA,13,NA,TRUE,NA
M. oleifera,roots,T. congolense,Negative Control,NA,14,NA,TRUE,NA
M. oleifera,roots,T. congolense,Negative Control,NA,15,NA,TRUE,NA
M. oleifera,roots,T. congolense,Negative Control,NA,16,NA,TRUE,NA
M. oleifera,roots,T. congolense,Negative Control,NA,17,NA,TRUE,NA
M. oleifera,roots,T. congolense,Negative Control,NA,18,NA,TRUE,NA
M. oleifera,roots,T. congolense,Negative Control,NA,19,NA,TRUE,NA
M. oleifera,roots,T. congolense,Negative Control,NA,20,NA,TRUE,NA
M. oleifera,roots,T. congolense,Negative Control,NA,21,NA,TRUE,NA
M. oleifera,roots,T. congolense,Negative Control,NA,22,NA,TRUE,NA
M. oleifera,roots,T. congolense,Negative Control,NA,23,NA,TRUE,NA
M. oleifera,roots,T. congolense,Negative Control,NA,24,NA,TRUE,NA
M. oleifera,roots,T. congolense,Negative Control,NA,25,NA,TRUE,NA
M. oleifera,roots,T. congolense,Negative Control,NA,26,NA,TRUE,NA
M. oleifera,roots,T. congolense,Negative Control,NA,27,NA,TRUE,NA
M. oleifera,roots,T. congolense,Negative Control,NA,28,NA,TRUE,NA
M. oleifera,roots,T. congolense,Negative Control,NA,29,NA,TRUE,NA
M. oleifera,roots,T. congolense,Negative Control,NA,30,NA,TRUE,NA
M. oleifera,roots,T. congolense,Negative Control,NA,31,NA,TRUE,NA
M. oleifera,roots,T. congolense,Negative Control,NA,32,NA,TRUE,NA
M. oleifera,roots,T. congolense,Negative Control,NA,33,NA,TRUE,NA
M. oleifera,roots,T. congolense,Negative Control,NA,34,NA,TRUE,NA
M. oleifera,roots,T. congolense,Negative Control,NA,35,NA,TRUE,NA
M. oleifera,roots,T. congolense,Negative Control,NA,36,NA,TRUE,NA
M. oleifera,roots,T. congolense,Negative Control,NA,37,NA,TRUE,NA
M. oleifera,roots,T. congolense,Negative Control,NA,38,NA,TRUE,NA
M. oleifera,roots,T. congolense,Negative Control,NA,39,NA,TRUE,NA
M. oleifera,roots,T. congolense,Negative Control,NA,40,NA,TRUE,NA
M. oleifera,roots,T. congolense,Positive Control,NA,1,0,FALSE,NA
M. oleifera,roots,T. congolense,Positive Control,NA,2,0,FALSE,NA
M. oleifera,roots,T. congolense,Positive Control,NA,3,0,FALSE,NA
M. oleifera,roots,T. congolense,Positive Control,NA,4,0,FALSE,NA
M. oleifera,roots,T. congolense,Positive Control,NA,5,0,FALSE,NA
M. oleifera,roots,T. congolense,Positive Control,NA,6,0,FALSE,NA
M. oleifera,roots,T. congolense,Positive Control,NA,7,0,FALSE,NA
M. oleifera,roots,T. congolense,Positive Control,NA,8,0,FALSE,NA
M. oleifera,roots,T. congolense,Positive Control,NA,9,0,FALSE,NA
M. oleifera,roots,T. congolense,Positive Control,NA,10,0,FALSE,NA
M. oleifera,roots,T. congolense,Positive Control,NA,11,0,FALSE,NA
M. oleifera,roots,T. congolense,Positive Control,NA,12,0,FALSE,NA
M. oleifera,roots,T. congolense,Positive Control,NA,13,0,FALSE,NA
M. oleifera,roots,T. congolense,Positive Control,NA,14,0,FALSE,NA
M. oleifera,roots,T. congolense,Positive Control,NA,15,0,FALSE,NA
M. oleifera,roots,T. congolense,Positive Control,NA,16,0,FALSE,NA
M. oleifera,roots,T. congolense,Positive Control,NA,17,0,FALSE,NA
M. oleifera,roots,T. congolense,Positive Control,NA,18,0,FALSE,NA
M. oleifera,roots,T. congolense,Positive Control,NA,19,0,FALSE,NA
M. oleifera,roots,T. congolense,Positive Control,NA,20,0,FALSE,NA
M. oleifera,roots,T. congolense,Positive Control,NA,21,0,FALSE,NA
M. oleifera,roots,T. congolense,Positive Control,NA,22,0,FALSE,NA
M. oleifera,roots,T. congolense,Positive Control,NA,23,0,FALSE,NA
M. oleifera,roots,T. congolense,Positive Control,NA,24,0,FALSE,NA
M. oleifera,roots,T. congolense,Positive Control,NA,25,0,FALSE,NA
M. oleifera,roots,T. congolense,Positive Control,NA,26,0,FALSE,NA
M. oleifera,roots,T. congolense,Positive Control,NA,27,0,FALSE,NA
M. oleifera,roots,T. congolense,Positive Control,NA,28,0,FALSE,NA
M. oleifera,roots,T. congolense,Positive Control,NA,29,0,FALSE,NA
M. oleifera,roots,T. congolense,Positive Control,NA,30,0,FALSE,NA
M. oleifera,roots,T. congolense,Positive Control,NA,31,0,FALSE,NA
M. oleifera,roots,T. congolense,Positive Control,NA,32,0,FALSE,NA
M. oleifera,roots,T. congolense,Positive Control,NA,33,0,FALSE,NA
M. oleifera,roots,T. congolense,Positive Control,NA,34,0,FALSE,NA
M. oleifera,roots,T. congolense,Positive Control,NA,35,0,FALSE,NA
M. oleifera,roots,T. congolense,Positive Control,NA,36,0,FALSE,NA
M. oleifera,roots,T. congolense,Positive Control,NA,37,0,FALSE,NA
M. oleifera,roots,T. congolense,Positive Control,NA,38,0,FALSE,NA
M. oleifera,roots,T. congolense,Positive Control,NA,39,0,FALSE,NA
M. oleifera,roots,T. congolense,Positive Control,NA,40,0,FALSE,NA
M. oleifera,stem bark,T. congolense,100mg/ml,100,1,0,FALSE,NA
M. oleifera,stem bark,T. congolense,100mg/ml,100,2,0,FALSE,NA
M. oleifera,stem bark,T. congolense,100mg/ml,100,3,0,FALSE,NA
M. oleifera,stem bark,T. congolense,100mg/ml,100,4,0,FALSE,NA
M. oleifera,stem bark,T. congolense,100mg/ml,100,5,0,FALSE,NA
M. oleifera,stem bark,T. congolense,100mg/ml,100,6,0,FALSE,NA
M. oleifera,stem bark,T. congolense,100mg/ml,100,7,0,FALSE,NA
M. oleifera,stem bark,T. congolense,100mg/ml,100,8,0,FALSE,NA
M. oleifera,stem bark,T. congolense,100mg/ml,100,9,0,FALSE,NA
M. oleifera,stem bark,T. congolense,100mg/ml,100,10,0,FALSE,NA
M. oleifera,stem bark,T. congolense,100mg/ml,100,11,0,FALSE,NA
M. oleifera,stem bark,T. congolense,100mg/ml,100,12,0,FALSE,NA
M. oleifera,stem bark,T. congolense,100mg/ml,100,13,0,FALSE,NA
M. oleifera,stem bark,T. congolense,100mg/ml,100,14,0,FALSE,NA
M. oleifera,stem bark,T. congolense,100mg/ml,100,15,0,FALSE,NA
M. oleifera,stem bark,T. congolense,100mg/ml,100,16,0,FALSE,NA
M. oleifera,stem bark,T. congolense,100mg/ml,100,17,0,FALSE,NA
M. oleifera,stem bark,T. congolense,100mg/ml,100,18,0,FALSE,NA
M. oleifera,stem bark,T. congolense,100mg/ml,100,19,0,FALSE,NA
M. oleifera,stem bark,T. congolense,100mg/ml,100,20,0,FALSE,NA
M. oleifera,stem bark,T. congolense,100mg/ml,100,21,0,FALSE,NA
M. oleifera,stem bark,T. congolense,100mg/ml,100,22,0,FALSE,NA
M. oleifera,stem bark,T. congolense,100mg/ml,100,23,0,FALSE,NA
M. oleifera,stem bark,T. congolense,100mg/ml,100,24,0,FALSE,NA
M. oleifera,stem bark,T. congolense,100mg/ml,100,25,0,FALSE,NA
M. oleifera,stem bark,T. congolense,100mg/ml,100,26,0,FALSE,NA
M. oleifera,stem bark,T. congolense,100mg/ml,100,27,0,FALSE,NA
M. oleifera,stem bark,T. congolense,100mg/ml,100,28,0,FALSE,NA
M. oleifera,stem bark,T. congolense,100mg/ml,100,29,0,FALSE,NA
M. oleifera,stem bark,T. congolense,100mg/ml,100,30,0,FALSE,NA
M. oleifera,stem bark,T. congolense,100mg/ml,100,31,0,FALSE,NA
M. oleifera,stem bark,T. congolense,100mg/ml,100,32,0,FALSE,NA
M. oleifera,stem bark,T. congolense,100mg/ml,100,33,0,FALSE,NA
M. oleifera,stem bark,T. congolense,100mg/ml,100,34,0,FALSE,NA
M. oleifera,stem bark,T. congolense,100mg/ml,100,35,0,FALSE,NA
M. oleifera,stem bark,T. congolense,100mg/ml,100,36,0,FALSE,NA
M. oleifera,stem bark,T. congolense,100mg/ml,100,37,0,FALSE,NA
M. oleifera,stem bark,T. congolense,100mg/ml,100,38,0,FALSE,NA
M. oleifera,stem bark,T. congolense,100mg/ml,100,39,0,FALSE,NA
M. oleifera,stem bark,T. congolense,100mg/ml,100,40,0,FALSE,NA
M. oleifera,stem bark,T. congolense,10mg/ml,10,1,0,FALSE,NA
M. oleifera,stem bark,T. congolense,10mg/ml,10,2,0,FALSE,NA
M. oleifera,stem bark,T. congolense,10mg/ml,10,3,0,FALSE,NA
M. oleifera,stem bark,T. congolense,10mg/ml,10,4,0,FALSE,NA
M. oleifera,stem bark,T. congolense,10mg/ml,10,5,0,FALSE,NA
M. oleifera,stem bark,T. congolense,10mg/ml,10,6,0,FALSE,NA
M. oleifera,stem bark,T. congolense,10mg/ml,10,7,0,FALSE,NA
M. oleifera,stem bark,T. congolense,10mg/ml,10,8,0,FALSE,NA
M. oleifera,stem bark,T. congolense,10mg/ml,10,9,0,FALSE,NA
M. oleifera,stem bark,T. congolense,10mg/ml,10,10,0,FALSE,NA
M. oleifera,stem bark,T. congolense,10mg/ml,10,11,0,FALSE,NA
M. oleifera,stem bark,T. congolense,10mg/ml,10,12,0,FALSE,NA
M. oleifera,stem bark,T. congolense,10mg/ml,10,13,0,FALSE,NA
M. oleifera,stem bark,T. congolense,10mg/ml,10,14,0,FALSE,NA
M. oleifera,stem bark,T. congolense,10mg/ml,10,15,0,FALSE,NA
M. oleifera,stem bark,T. congolense,10mg/ml,10,16,0,FALSE,NA
M. oleifera,stem bark,T. congolense,10mg/ml,10,17,0,FALSE,NA
M. oleifera,stem bark,T. congolense,10mg/ml,10,18,0,FALSE,NA
M. oleifera,stem bark,T. congolense,10mg/ml,10,19,0,FALSE,NA
M. oleifera,stem bark,T. congolense,10mg/ml,10,20,0,FALSE,NA
M. oleifera,stem bark,T. congolense,10mg/ml,10,21,0,FALSE,NA
M. oleifera,stem bark,T. congolense,10mg/ml,10,22,0,FALSE,NA
M. oleifera,stem bark,T. congolense,10mg/ml,10,23,0,FALSE,NA
M. oleifera,stem bark,T. congolense,10mg/ml,10,24,0,FALSE,NA
M. oleifera,stem bark,T. congolense,10mg/ml,10,25,0,FALSE,NA
M. oleifera,stem bark,T. congolense,10mg/ml,10,26,0,FALSE,NA
M. oleifera,stem bark,T. congolense,10mg/ml,10,27,0,FALSE,NA
M. oleifera,stem bark,T. congolense,10mg/ml,10,28,0,FALSE,NA
M. oleifera,stem bark,T. congolense,10mg/ml,10,29,0,FALSE,NA
M. oleifera,stem bark,T. congolense,10mg/ml,10,30,0,FALSE,NA
M. oleifera,stem bark,T. congolense,10mg/ml,10,31,0,FALSE,NA
M. oleifera,stem bark,T. congolense,10mg/ml,10,32,0,FALSE,NA
M. oleifera,stem bark,T. congolense,10mg/ml,10,33,0,FALSE,NA
M. oleifera,stem bark,T. congolense,10mg/ml,10,34,0,FALSE,NA
M. oleifera,stem bark,T. congolense,10mg/ml,10,35,0,FALSE,NA
M. oleifera,stem bark,T. congolense,10mg/ml,10,36,0,FALSE,NA
M. oleifera,stem bark,T. congolense,10mg/ml,10,37,0,FALSE,NA
M. oleifera,stem bark,T. congolense,10mg/ml,10,38,0,FALSE,NA
M. oleifera,stem bark,T. congolense,10mg/ml,10,39,0,FALSE,NA
M. oleifera,stem bark,T. congolense,10mg/ml,10,40,0,FALSE,NA
M. oleifera,stem bark,T. congolense,0.5mg/ml,0.5,1,0,FALSE,NA
M. oleifera,stem bark,T. congolense,0.5mg/ml,0.5,2,0,FALSE,NA
M. oleifera,stem bark,T. congolense,0.5mg/ml,0.5,3,0,FALSE,NA
M. oleifera,stem bark,T. congolense,0.5mg/ml,0.5,4,0,FALSE,NA
M. oleifera,stem bark,T. congolense,0.5mg/ml,0.5,5,0,FALSE,NA
M. oleifera,stem bark,T. congolense,0.5mg/ml,0.5,6,0,FALSE,NA
M. oleifera,stem bark,T. congolense,0.5mg/ml,0.5,7,0,FALSE,NA
M. oleifera,stem bark,T. congolense,0.5mg/ml,0.5,8,0,FALSE,NA
M. oleifera,stem bark,T. congolense,0.5mg/ml,0.5,9,0,FALSE,NA
M. oleifera,stem bark,T. congolense,0.5mg/ml,0.5,10,0,FALSE,NA
M. oleifera,stem bark,T. congolense,0.5mg/ml,0.5,11,0,FALSE,NA
M. oleifera,stem bark,T. congolense,0.5mg/ml,0.5,12,0,FALSE,NA
M. oleifera,stem bark,T. congolense,0.5mg/ml,0.5,13,0,FALSE,NA
M. oleifera,stem bark,T. congolense,0.5mg/ml,0.5,14,0,FALSE,NA
M. oleifera,stem bark,T. congolense,0.5mg/ml,0.5,15,0,FALSE,NA
M. oleifera,stem bark,T. congolense,0.5mg/ml,0.5,16,0,FALSE,NA
M. oleifera,stem bark,T. congolense,0.5mg/ml,0.5,17,0,FALSE,NA
M. oleifera,stem bark,T. congolense,0.5mg/ml,0.5,18,0,FALSE,NA
M. oleifera,stem bark,T. congolense,0.5mg/ml,0.5,19,0,FALSE,NA
M. oleifera,stem bark,T. congolense,0.5mg/ml,0.5,20,0,FALSE,NA
M. oleifera,stem bark,T. congolense,0.5mg/ml,0.5,21,0,FALSE,NA
M. oleifera,stem bark,T. congolense,0.5mg/ml,0.5,22,0,FALSE,NA
M. oleifera,stem bark,T. congolense,0.5mg/ml,0.5,23,0,FALSE,NA
M. oleifera,stem bark,T. congolense,0.5mg/ml,0.5,24,0,FALSE,NA
M. oleifera,stem bark,T. congolense,0.5mg/ml,0.5,25,0,FALSE,NA
M. oleifera,stem bark,T. congolense,0.5mg/ml,0.5,26,0,FALSE,NA
M. oleifera,stem bark,T. congolense,0.5mg/ml,0.5,27,0,FALSE,NA
M. oleifera,stem bark,T. congolense,0.5mg/ml,0.5,28,0,FALSE,NA
M. oleifera,stem bark,T. congolense,0.5mg/ml,0.5,29,0,FALSE,NA
M. oleifera,stem bark,T. congolense,0.5mg/ml,0.5,30,0,FALSE,NA
M. oleifera,stem bark,T. congolense,0.5mg/ml,0.5,31,0,FALSE,NA
M. oleifera,stem bark,T. congolense,0.5mg/ml,0.5,32,0,FALSE,NA
M. oleifera,stem bark,T. congolense,0.5mg/ml,0.5,33,0,FALSE,NA
M. oleifera,stem bark,T. congolense,0.5mg/ml,0.5,34,0,FALSE,NA
M. oleifera,stem bark,T. congolense,0.5mg/ml,0.5,35,0,FALSE,NA
M. oleifera,stem bark,T. congolense,0.5mg/ml,0.5,36,0,FALSE,NA
M. oleifera,stem bark,T. congolense,0.5mg/ml,0.5,37,0,FALSE,NA
M. oleifera,stem bark,T. congolense,0.5mg/ml,0.5,38,0,FALSE,NA
M. oleifera,stem bark,T. congolense,0.5mg/ml,0.5,39,0,FALSE,NA
M. oleifera,stem bark,T. congolense,0.5mg/ml,0.5,40,0,FALSE,NA
M. oleifera,stem bark,T. congolense,0.01mg/ml,0.01,1,0,FALSE,NA
M. oleifera,stem bark,T. congolense,0.01mg/ml,0.01,2,0,FALSE,NA
M. oleifera,stem bark,T. congolense,0.01mg/ml,0.01,3,0,FALSE,NA
M. oleifera,stem bark,T. congolense,0.01mg/ml,0.01,4,0,FALSE,NA
M. oleifera,stem bark,T. congolense,0.01mg/ml,0.01,5,0,FALSE,NA
M. oleifera,stem bark,T. congolense,0.01mg/ml,0.01,6,0,FALSE,NA
M. oleifera,stem bark,T. congolense,0.01mg/ml,0.01,7,0,FALSE,NA
M. oleifera,stem bark,T. congolense,0.01mg/ml,0.01,8,0,FALSE,NA
M. oleifera,stem bark,T. congolense,0.01mg/ml,0.01,9,0,FALSE,NA
M. oleifera,stem bark,T. congolense,0.01mg/ml,0.01,10,0,FALSE,NA
M. oleifera,stem bark,T. congolense,0.01mg/ml,0.01,11,0,FALSE,NA
M. oleifera,stem bark,T. congolense,0.01mg/ml,0.01,12,0,FALSE,NA
M. oleifera,stem bark,T. congolense,0.01mg/ml,0.01,13,0,FALSE,NA
M. oleifera,stem bark,T. congolense,0.01mg/ml,0.01,14,0,FALSE,NA
M. oleifera,stem bark,T. congolense,0.01mg/ml,0.01,15,0,FALSE,NA
M. oleifera,stem bark,T. congolense,0.01mg/ml,0.01,16,0,FALSE,NA
M. oleifera,stem bark,T. congolense,0.01mg/ml,0.01,17,0,FALSE,NA
M. oleifera,stem bark,T. congolense,0.01mg/ml,0.01,18,0,FALSE,NA
M. oleifera,stem bark,T. congolense,0.01mg/ml,0.01,19,0,FALSE,NA
M. oleifera,stem bark,T. congolense,0.01mg/ml,0.01,20,0,FALSE,NA
M. oleifera,stem bark,T. congolense,0.01mg/ml,0.01,21,0,FALSE,NA
M. oleifera,stem bark,T. congolense,0.01mg/ml,0.01,22,0,FALSE,NA
M. oleifera,stem bark,T. congolense,0.01mg/ml,0.01,23,0,FALSE,NA
M. oleifera,stem bark,T. congolense,0.01mg/ml,0.01,24,0,FALSE,NA
M. oleifera,stem bark,T. congolense,0.01mg/ml,0.01,25,0,FALSE,NA
M. oleifera,stem bark,T. congolense,0.01mg/ml,0.01,26,0,FALSE,NA
M. oleifera,stem bark,T. congolense,0.01mg/ml,0.01,27,0,FALSE,NA
M. oleifera,stem bark,T. congolense,0.01mg/ml,0.01,28,0,FALSE,NA
M. oleifera,stem bark,T. congolense,0.01mg/ml,0.01,29,0,FALSE,NA
M. oleifera,stem bark,T. congolense,0.01mg/ml,0.01,30,0,FALSE,NA
M. oleifera,stem bark,T. congolense,0.01mg/ml,0.01,31,0,FALSE,NA
M. oleifera,stem bark,T. congolense,0.01mg/ml,0.01,32,0,FALSE,NA
M. oleifera,stem bark,T. congolense,0.01mg/ml,0.01,33,0,FALSE,NA
M. oleifera,stem bark,T. congolense,0.01mg/ml,0.01,34,0,FALSE,NA
M. oleifera,stem bark,T. congolense,0.01mg/ml,0.01,35,0,FALSE,NA
M. oleifera,stem bark,T. congolense,0.01mg/ml,0.01,36,0,FALSE,NA
M. oleifera,stem bark,T. congolense,0.01mg/ml,0.01,37,0,FALSE,NA
M. oleifera,stem bark,T. congolense,0.01mg/ml,0.01,38,0,FALSE,NA
M. oleifera,stem bark,T. congolense,0.01mg/ml,0.01,39,0,FALSE,NA
M. oleifera,stem bark,T. congolense,0.01mg/ml,0.01,40,0,FALSE,NA
M. oleifera,stem bark,T. congolense,0.005mg/ml,0.005,1,0,FALSE,NA
M. oleifera,stem bark,T. congolense,0.005mg/ml,0.005,2,0,FALSE,NA
M. oleifera,stem bark,T. congolense,0.005mg/ml,0.005,3,0,FALSE,NA
M. oleifera,stem bark,T. congolense,0.005mg/ml,0.005,4,0,FALSE,NA
M. oleifera,stem bark,T. congolense,0.005mg/ml,0.005,5,0,FALSE,NA
M. oleifera,stem bark,T. congolense,0.005mg/ml,0.005,6,0,FALSE,NA
M. oleifera,stem bark,T. congolense,0.005mg/ml,0.005,7,0,FALSE,NA
M. oleifera,stem bark,T. congolense,0.005mg/ml,0.005,8,0,FALSE,NA
M. oleifera,stem bark,T. congolense,0.005mg/ml,0.005,9,0,FALSE,NA
M. oleifera,stem bark,T. congolense,0.005mg/ml,0.005,10,0,FALSE,NA
M. oleifera,stem bark,T. congolense,0.005mg/ml,0.005,11,0,FALSE,NA
M. oleifera,stem bark,T. congolense,0.005mg/ml,0.005,12,0,FALSE,NA
M. oleifera,stem bark,T. congolense,0.005mg/ml,0.005,13,0,FALSE,NA
M. oleifera,stem bark,T. congolense,0.005mg/ml,0.005,14,0,FALSE,NA
M. oleifera,stem bark,T. congolense,0.005mg/ml,0.005,15,0,FALSE,NA
M. oleifera,stem bark,T. congolense,0.005mg/ml,0.005,16,0,FALSE,NA
M. oleifera,stem bark,T. congolense,0.005mg/ml,0.005,17,0,FALSE,NA
M. oleifera,stem bark,T. congolense,0.005mg/ml,0.005,18,0,FALSE,NA
M. oleifera,stem bark,T. congolense,0.005mg/ml,0.005,19,0,FALSE,NA
M. oleifera,stem bark,T. congolense,0.005mg/ml,0.005,20,0,FALSE,NA
M. oleifera,stem bark,T. congolense,0.005mg/ml,0.005,21,0,FALSE,NA
M. oleifera,stem bark,T. congolense,0.005mg/ml,0.005,22,0,FALSE,NA
M. oleifera,stem bark,T. congolense,0.005mg/ml,0.005,23,0,FALSE,NA
M. oleifera,stem bark,T. congolense,0.005mg/ml,0.005,24,0,FALSE,NA
M. oleifera,stem bark,T. congolense,0.005mg/ml,0.005,25,0,FALSE,NA
M. oleifera,stem bark,T. congolense,0.005mg/ml,0.005,26,0,FALSE,NA
M. oleifera,stem bark,T. congolense,0.005mg/ml,0.005,27,0,FALSE,NA
M. oleifera,stem bark,T. congolense,0.005mg/ml,0.005,28,0,FALSE,NA
M. oleifera,stem bark,T. congolense,0.005mg/ml,0.005,29,0,FALSE,NA
M. oleifera,stem bark,T. congolense,0.005mg/ml,0.005,30,0,FALSE,NA
M. oleifera,stem bark,T. congolense,0.005mg/ml,0.005,31,0,FALSE,NA
M. oleifera,stem bark,T. congolense,0.005mg/ml,0.005,32,0,FALSE,NA
M. oleifera,stem bark,T. congolense,0.005mg/ml,0.005,33,0,FALSE,NA
M. oleifera,stem bark,T. congolense,0.005mg/ml,0.005,34,0,FALSE,NA
M. oleifera,stem bark,T. congolense,0.005mg/ml,0.005,35,0,FALSE,NA
M. oleifera,stem bark,T. congolense,0.005mg/ml,0.005,36,0,FALSE,NA
M. oleifera,stem bark,T. congolense,0.005mg/ml,0.005,37,0,FALSE,NA
M. oleifera,stem bark,T. congolense,0.005mg/ml,0.005,38,0,FALSE,NA
M. oleifera,stem bark,T. congolense,0.005mg/ml,0.005,39,0,FALSE,NA
M. oleifera,stem bark,T. congolense,0.005mg/ml,0.005,40,0,FALSE,NA
M. oleifera,stem bark,T. congolense,Negative Control,NA,1,0,FALSE,NA
M. oleifera,stem bark,T. congolense,Negative Control,NA,2,0,FALSE,NA
M. oleifera,stem bark,T. congolense,Negative Control,NA,3,0,FALSE,NA
M. oleifera,stem bark,T. congolense,Negative Control,NA,4,0,FALSE,NA
M. oleifera,stem bark,T. congolense,Negative Control,NA,5,0,FALSE,NA
M. oleifera,stem bark,T. congolense,Negative Control,NA,6,0,FALSE,NA
M. oleifera,stem bark,T. congolense,Negative Control,NA,7,0,FALSE,NA
M. oleifera,stem bark,T. congolense,Negative Control,NA,8,2.07,FALSE,NA
M. oleifera,stem bark,T. congolense,Negative Control,NA,9,2.51,FALSE,NA
M. oleifera,stem bark,T. congolense,Negative Control,NA,10,3.3,FALSE,NA
M. oleifera,stem bark,T. congolense,Negative Control,NA,11,4.35,FALSE,NA
M. oleifera,stem bark,T. congolense,Negative Control,NA,12,4.65,FALSE,NA
M. oleifera,stem bark,T. congolense,Negative Control,NA,13,4.82,FALSE,NA
M. oleifera,stem bark,T. congolense,Negative Control,NA,14,4.9,FALSE,NA
M. oleifera,stem bark,T. congolense,Negative Control,NA,15,5,FALSE,NA
M. oleifera,stem bark,T. congolense,Negative Control,NA,16,NA,TRUE,NA
M. oleifera,stem bark,T. congolense,Negative Control,NA,17,NA,TRUE,NA
M. oleifera,stem bark,T. congolense,Negative Control,NA,18,NA,TRUE,NA
M. oleifera,stem bark,T. congolense,Negative Control,NA,19,NA,TRUE,NA
M. oleifera,stem bark,T. congolense,Negative Control,NA,20,NA,TRUE,NA
M. oleifera,stem bark,T. congolense,Negative Control,NA,21,NA,TRUE,NA
M. oleifera,stem bark,T. congolense,Negative Control,NA,22,NA,TRUE,NA
M. oleifera,stem bark,T. congolense,Negative Control,NA,23,NA,TRUE,NA
M. oleifera,stem bark,T. congolense,Negative Control,NA,24,NA,TRUE,NA
M. oleifera,stem bark,T. congolense,Negative Control,NA,25,NA,TRUE,NA
M. oleifera,stem bark,T. congolense,Negative Control,NA,26,NA,TRUE,NA
M. oleifera,stem bark,T. congolense,Negative Control,NA,27,NA,TRUE,NA
M. oleifera,stem bark,T. congolense,Negative Control,NA,28,NA,TRUE,NA
M. oleifera,stem bark,T. congolense,Negative Control,NA,29,NA,TRUE,NA
M. oleifera,stem bark,T. congolense,Negative Control,NA,30,NA,TRUE,NA
M. oleifera,stem bark,T. congolense,Negative Control,NA,31,NA,TRUE,NA
M. oleifera,stem bark,T. congolense,Negative Control,NA,32,NA,TRUE,NA
M. oleifera,stem bark,T. congolense,Negative Control,NA,33,NA,TRUE,NA
M. oleifera,stem bark,T. congolense,Negative Control,NA,34,NA,TRUE,NA
M. oleifera,stem bark,T. congolense,Negative Control,NA,35,NA,TRUE,NA
M. oleifera,stem bark,T. congolense,Negative Control,NA,36,NA,TRUE,NA
M. oleifera,stem bark,T. congolense,Negative Control,NA,37,NA,TRUE,NA
M. oleifera,stem bark,T. congolense,Negative Control,NA,38,NA,TRUE,NA
M. oleifera,stem bark,T. congolense,Negative Control,NA,39,NA,TRUE,NA
M. oleifera,stem bark,T. congolense,Negative Control,NA,40,NA,TRUE,NA
M. oleifera,stem bark,T. congolense,Positive Control,NA,1,0,FALSE,NA
M. oleifera,stem bark,T. congolense,Positive Control,NA,2,0,FALSE,NA
M. oleifera,stem bark,T. congolense,Positive Control,NA,3,0,FALSE,NA
M. oleifera,stem bark,T. congolense,Positive Control,NA,4,0,FALSE,NA
M. oleifera,stem bark,T. congolense,Positive Control,NA,5,0,FALSE,NA
M. oleifera,stem bark,T. congolense,Positive Control,NA,6,0,FALSE,NA
M. oleifera,stem bark,T. congolense,Positive Control,NA,7,0,FALSE,NA
M. oleifera,stem bark,T. congolense,Positive Control,NA,8,0,FALSE,NA
M. oleifera,stem bark,T. congolense,Positive Control,NA,9,0,FALSE,NA
M. oleifera,stem bark,T. congolense,Positive Control,NA,10,0,FALSE,NA
M. oleifera,stem bark,T. congolense,Positive Control,NA,11,0,FALSE,NA
M. oleifera,stem bark,T. congolense,Positive Control,NA,12,0,FALSE,NA
M. oleifera,stem bark,T. congolense,Positive Control,NA,13,0,FALSE,NA
M. oleifera,stem bark,T. congolense,Positive Control,NA,14,0,FALSE,NA
M. oleifera,stem bark,T. congolense,Positive Control,NA,15,0,FALSE,NA
M. oleifera,stem bark,T. congolense,Positive Control,NA,16,0,FALSE,NA
M. oleifera,stem bark,T. congolense,Positive Control,NA,17,0,FALSE,NA
M. oleifera,stem bark,T. congolense,Positive Control,NA,18,0,FALSE,NA
M. oleifera,stem bark,T. congolense,Positive Control,NA,19,0,FALSE,NA
M. oleifera,stem bark,T. congolense,Positive Control,NA,20,0,FALSE,NA
M. oleifera,stem bark,T. congolense,Positive Control,NA,21,0,FALSE,NA
M. oleifera,stem bark,T. congolense,Positive Control,NA,22,0,FALSE,NA
M. oleifera,stem bark,T. congolense,Positive Control,NA,23,0,FALSE,NA
M. oleifera,stem bark,T. congolense,Positive Control,NA,24,0,FALSE,NA
M. oleifera,stem bark,T. congolense,Positive Control,NA,25,0,FALSE,NA
M. oleifera,stem bark,T. congolense,Positive Control,NA,26,0,FALSE,NA
M. oleifera,stem bark,T. congolense,Positive Control,NA,27,0,FALSE,NA
M. oleifera,stem bark,T. congolense,Positive Control,NA,28,0,FALSE,NA
M. oleifera,stem bark,T. congolense,Positive Control,NA,29,0,FALSE,NA
M. oleifera,stem bark,T. congolense,Positive Control,NA,30,0,FALSE,NA
M. oleifera,stem bark,T. congolense,Positive Control,NA,31,0,FALSE,NA
M. oleifera,stem bark,T. congolense,Positive Control,NA,32,0,FALSE,NA
M. oleifera,stem bark,T. congolense,Positive Control,NA,33,0,FALSE,NA
M. oleifera,stem bark,T. congolense,Positive Control,NA,34,0,FALSE,NA
M. oleifera,stem bark,T. congolense,Positive Control,NA,35,0,FALSE,NA
M. oleifera,stem bark,T. congolense,Positive Control,NA,36,0,FALSE,NA
M. oleifera,stem bark,T. congolense,Positive Control,NA,37,0,FALSE,NA
M. oleifera,stem bark,T. congolense,Positive Control,NA,38,0,FALSE,NA
M. oleifera,stem bark,T. congolense,Positive Control,NA,39,0,FALSE,NA
M. oleifera,stem bark,T. congolense,Positive Control,NA,40,0,FALSE,NA
M. oleifera,leaves,T. congolense,100mg/ml,100,1,0,FALSE,NA
M. oleifera,leaves,T. congolense,100mg/ml,100,2,0,FALSE,NA
M. oleifera,leaves,T. congolense,100mg/ml,100,3,0,FALSE,NA
M. oleifera,leaves,T. congolense,100mg/ml,100,4,0,FALSE,NA
M. oleifera,leaves,T. congolense,100mg/ml,100,5,0,FALSE,NA
M. oleifera,leaves,T. congolense,100mg/ml,100,6,0,FALSE,NA
M. oleifera,leaves,T. congolense,100mg/ml,100,7,0,FALSE,NA
M. oleifera,leaves,T. congolense,100mg/ml,100,8,0,FALSE,NA
M. oleifera,leaves,T. congolense,100mg/ml,100,9,0,FALSE,NA
M. oleifera,leaves,T. congolense,100mg/ml,100,10,0,FALSE,NA
M. oleifera,leaves,T. congolense,100mg/ml,100,11,0,FALSE,NA
M. oleifera,leaves,T. congolense,100mg/ml,100,12,0,FALSE,NA
M. oleifera,leaves,T. congolense,100mg/ml,100,13,0,FALSE,NA
M. oleifera,leaves,T. congolense,100mg/ml,100,14,0,FALSE,NA
M. oleifera,leaves,T. congolense,100mg/ml,100,15,0,FALSE,NA
M. oleifera,leaves,T. congolense,100mg/ml,100,16,0,FALSE,NA
M. oleifera,leaves,T. congolense,100mg/ml,100,17,0,FALSE,NA
M. oleifera,leaves,T. congolense,100mg/ml,100,18,0,FALSE,NA
M. oleifera,leaves,T. congolense,100mg/ml,100,19,0,FALSE,NA
M. oleifera,leaves,T. congolense,100mg/ml,100,20,0,FALSE,NA
M. oleifera,leaves,T. congolense,100mg/ml,100,21,0,FALSE,NA
M. oleifera,leaves,T. congolense,100mg/ml,100,22,0,FALSE,NA
M. oleifera,leaves,T. congolense,100mg/ml,100,23,0,FALSE,NA
M. oleifera,leaves,T. congolense,100mg/ml,100,24,0,FALSE,NA
M. oleifera,leaves,T. congolense,100mg/ml,100,25,0,FALSE,NA
M. oleifera,leaves,T. congolense,100mg/ml,100,26,0,FALSE,NA
M. oleifera,leaves,T. congolense,100mg/ml,100,27,0,FALSE,NA
M. oleifera,leaves,T. congolense,100mg/ml,100,28,0,FALSE,NA
M. oleifera,leaves,T. congolense,100mg/ml,100,29,0,FALSE,NA
M. oleifera,leaves,T. congolense,100mg/ml,100,30,0,FALSE,NA
M. oleifera,leaves,T. congolense,100mg/ml,100,31,0,FALSE,NA
M. oleifera,leaves,T. congolense,100mg/ml,100,32,0,FALSE,NA
M. oleifera,leaves,T. congolense,100mg/ml,100,33,0,FALSE,NA
M. oleifera,leaves,T. congolense,100mg/ml,100,34,0,FALSE,NA
M. oleifera,leaves,T. congolense,100mg/ml,100,35,0,FALSE,NA
M. oleifera,leaves,T. congolense,100mg/ml,100,36,0,FALSE,NA
M. oleifera,leaves,T. congolense,100mg/ml,100,37,0,FALSE,NA
M. oleifera,leaves,T. congolense,100mg/ml,100,38,0,FALSE,NA
M. oleifera,leaves,T. congolense,100mg/ml,100,39,0,FALSE,NA
M. oleifera,leaves,T. congolense,100mg/ml,100,40,0,FALSE,NA
M. oleifera,leaves,T. congolense,10mg/ml,10,1,0,FALSE,NA
M. oleifera,leaves,T. congolense,10mg/ml,10,2,0,FALSE,NA
M. oleifera,leaves,T. congolense,10mg/ml,10,3,0,FALSE,NA
M. oleifera,leaves,T. congolense,10mg/ml,10,4,0,FALSE,NA
M. oleifera,leaves,T. congolense,10mg/ml,10,5,0,FALSE,NA
M. oleifera,leaves,T. congolense,10mg/ml,10,6,0,FALSE,NA
M. oleifera,leaves,T. congolense,10mg/ml,10,7,0,FALSE,NA
M. oleifera,leaves,T. congolense,10mg/ml,10,8,0,FALSE,NA
M. oleifera,leaves,T. congolense,10mg/ml,10,9,0,FALSE,NA
M. oleifera,leaves,T. congolense,10mg/ml,10,10,0,FALSE,NA
M. oleifera,leaves,T. congolense,10mg/ml,10,11,0,FALSE,NA
M. oleifera,leaves,T. congolense,10mg/ml,10,12,0,FALSE,NA
M. oleifera,leaves,T. congolense,10mg/ml,10,13,0,FALSE,NA
M. oleifera,leaves,T. congolense,10mg/ml,10,14,0,FALSE,NA
M. oleifera,leaves,T. congolense,10mg/ml,10,15,0,FALSE,NA
M. oleifera,leaves,T. congolense,10mg/ml,10,16,0,FALSE,NA
M. oleifera,leaves,T. congolense,10mg/ml,10,17,0,FALSE,NA
M. oleifera,leaves,T. congolense,10mg/ml,10,18,0,FALSE,NA
M. oleifera,leaves,T. congolense,10mg/ml,10,19,0,FALSE,NA
M. oleifera,leaves,T. congolense,10mg/ml,10,20,0,FALSE,NA
M. oleifera,leaves,T. congolense,10mg/ml,10,21,0,FALSE,NA
M. oleifera,leaves,T. congolense,10mg/ml,10,22,0,FALSE,NA
M. oleifera,leaves,T. congolense,10mg/ml,10,23,0,FALSE,NA
M. oleifera,leaves,T. congolense,10mg/ml,10,24,0,FALSE,NA
M. oleifera,leaves,T. congolense,10mg/ml,10,25,0,FALSE,NA
M. oleifera,leaves,T. congolense,10mg/ml,10,26,0,FALSE,NA
M. oleifera,leaves,T. congolense,10mg/ml,10,27,0,FALSE,NA
M. oleifera,leaves,T. congolense,10mg/ml,10,28,0,FALSE,NA
M. oleifera,leaves,T. congolense,10mg/ml,10,29,0,FALSE,NA
M. oleifera,leaves,T. congolense,10mg/ml,10,30,0,FALSE,NA
M. oleifera,leaves,T. congolense,10mg/ml,10,31,0,FALSE,NA
M. oleifera,leaves,T. congolense,10mg/ml,10,32,0,FALSE,NA
M. oleifera,leaves,T. congolense,10mg/ml,10,33,0,FALSE,NA
M. oleifera,leaves,T. congolense,10mg/ml,10,34,0,FALSE,NA
M. oleifera,leaves,T. congolense,10mg/ml,10,35,0,FALSE,NA
M. oleifera,leaves,T. congolense,10mg/ml,10,36,0,FALSE,NA
M. oleifera,leaves,T. congolense,10mg/ml,10,37,0,FALSE,NA
M. oleifera,leaves,T. congolense,10mg/ml,10,38,0,FALSE,NA
M. oleifera,leaves,T. congolense,10mg/ml,10,39,0,FALSE,NA
M. oleifera,leaves,T. congolense,10mg/ml,10,40,0,FALSE,NA
M. oleifera,leaves,T. congolense,0.5mg/ml,0.5,1,0,FALSE,NA
M. oleifera,leaves,T. congolense,0.5mg/ml,0.5,2,0,FALSE,NA
M. oleifera,leaves,T. congolense,0.5mg/ml,0.5,3,0,FALSE,NA
M. oleifera,leaves,T. congolense,0.5mg/ml,0.5,4,0,FALSE,NA
M. oleifera,leaves,T. congolense,0.5mg/ml,0.5,5,0,FALSE,NA
M. oleifera,leaves,T. congolense,0.5mg/ml,0.5,6,0,FALSE,NA
M. oleifera,leaves,T. congolense,0.5mg/ml,0.5,7,0,FALSE,NA
M. oleifera,leaves,T. congolense,0.5mg/ml,0.5,8,0,FALSE,NA
M. oleifera,leaves,T. congolense,0.5mg/ml,0.5,9,0,FALSE,NA
M. oleifera,leaves,T. congolense,0.5mg/ml,0.5,10,0,FALSE,NA
M. oleifera,leaves,T. congolense,0.5mg/ml,0.5,11,0,FALSE,NA
M. oleifera,leaves,T. congolense,0.5mg/ml,0.5,12,0,FALSE,NA
M. oleifera,leaves,T. congolense,0.5mg/ml,0.5,13,0,FALSE,NA
M. oleifera,leaves,T. congolense,0.5mg/ml,0.5,14,0,FALSE,NA
M. oleifera,leaves,T. congolense,0.5mg/ml,0.5,15,0,FALSE,NA
M. oleifera,leaves,T. congolense,0.5mg/ml,0.5,16,0,FALSE,NA
M. oleifera,leaves,T. congolense,0.5mg/ml,0.5,17,0,FALSE,NA
M. oleifera,leaves,T. congolense,0.5mg/ml,0.5,18,0,FALSE,NA
M. oleifera,leaves,T. congolense,0.5mg/ml,0.5,19,0,FALSE,NA
M. oleifera,leaves,T. congolense,0.5mg/ml,0.5,20,0,FALSE,NA
M. oleifera,leaves,T. congolense,0.5mg/ml,0.5,21,0,FALSE,NA
M. oleifera,leaves,T. congolense,0.5mg/ml,0.5,22,0,FALSE,NA
M. oleifera,leaves,T. congolense,0.5mg/ml,0.5,23,0,FALSE,NA
M. oleifera,leaves,T. congolense,0.5mg/ml,0.5,24,0,FALSE,NA
M. oleifera,leaves,T. congolense,0.5mg/ml,0.5,25,0,FALSE,NA
M. oleifera,leaves,T. congolense,0.5mg/ml,0.5,26,0,FALSE,NA
M. oleifera,leaves,T. congolense,0.5mg/ml,0.5,27,0,FALSE,NA
M. oleifera,leaves,T. congolense,0.5mg/ml,0.5,28,0,FALSE,NA
M. oleifera,leaves,T. congolense,0.5mg/ml,0.5,29,0,FALSE,NA
M. oleifera,leaves,T. congolense,0.5mg/ml,0.5,30,0,FALSE,NA
M. oleifera,leaves,T. congolense,0.5mg/ml,0.5,31,0,FALSE,NA
M. oleifera,leaves,T. congolense,0.5mg/ml,0.5,32,0,FALSE,NA
M. oleifera,leaves,T. congolense,0.5mg/ml,0.5,33,0,FALSE,NA
M. oleifera,leaves,T. congolense,0.5mg/ml,0.5,34,0,FALSE,NA
M. oleifera,leaves,T. congolense,0.5mg/ml,0.5,35,0,FALSE,NA
M. oleifera,leaves,T. congolense,0.5mg/ml,0.5,36,0,FALSE,NA
M. oleifera,leaves,T. congolense,0.5mg/ml,0.5,37,0,FALSE,NA
M. oleifera,leaves,T. congolense,0.5mg/ml,0.5,38,0,FALSE,NA
M. oleifera,leaves,T. congolense,0.5mg/ml,0.5,39,0,FALSE,NA
M. oleifera,leaves,T. congolense,0.5mg/ml,0.5,40,0,FALSE,NA
M. oleifera,leaves,T. congolense,0.01mg/ml,0.01,1,0,FALSE,NA
M. oleifera,leaves,T. congolense,0.01mg/ml,0.01,2,0,FALSE,NA
M. oleifera,leaves,T. congolense,0.01mg/ml,0.01,3,0,FALSE,NA
M. oleifera,leaves,T. congolense,0.01mg/ml,0.01,4,0,FALSE,NA
M. oleifera,leaves,T. congolense,0.01mg/ml,0.01,5,0,FALSE,NA
M. oleifera,leaves,T. congolense,0.01mg/ml,0.01,6,0,FALSE,NA
M. oleifera,leaves,T. congolense,0.01mg/ml,0.01,7,0,FALSE,NA
M. oleifera,leaves,T. congolense,0.01mg/ml,0.01,8,0,FALSE,NA
M. oleifera,leaves,T. congolense,0.01mg/ml,0.01,9,0,FALSE,NA
M. oleifera,leaves,T. congolense,0.01mg/ml,0.01,10,0,FALSE,NA
M. oleifera,leaves,T. congolense,0.01mg/ml,0.01,11,0,FALSE,NA
M. oleifera,leaves,T. congolense,0.01mg/ml,0.01,12,0,FALSE,NA
M. oleifera,leaves,T. congolense,0.01mg/ml,0.01,13,0,FALSE,NA
M. oleifera,leaves,T. congolense,0.01mg/ml,0.01,14,0,FALSE,NA
M. oleifera,leaves,T. congolense,0.01mg/ml,0.01,15,0,FALSE,NA
M. oleifera,leaves,T. congolense,0.01mg/ml,0.01,16,0,FALSE,NA
M. oleifera,leaves,T. congolense,0.01mg/ml,0.01,17,0,FALSE,NA
M. oleifera,leaves,T. congolense,0.01mg/ml,0.01,18,0,FALSE,NA
M. oleifera,leaves,T. congolense,0.01mg/ml,0.01,19,0,FALSE,NA
M. oleifera,leaves,T. congolense,0.01mg/ml,0.01,20,0,FALSE,NA
M. oleifera,leaves,T. congolense,0.01mg/ml,0.01,21,0,FALSE,NA
M. oleifera,leaves,T. congolense,0.01mg/ml,0.01,22,0,FALSE,NA
M. oleifera,leaves,T. congolense,0.01mg/ml,0.01,23,0,FALSE,NA
M. oleifera,leaves,T. congolense,0.01mg/ml,0.01,24,0,FALSE,NA
M. oleifera,leaves,T. congolense,0.01mg/ml,0.01,25,0,FALSE,NA
M. oleifera,leaves,T. congolense,0.01mg/ml,0.01,26,0,FALSE,NA
M. oleifera,leaves,T. congolense,0.01mg/ml,0.01,27,0,FALSE,NA
M. oleifera,leaves,T. congolense,0.01mg/ml,0.01,28,0,FALSE,NA
M. oleifera,leaves,T. congolense,0.01mg/ml,0.01,29,0,FALSE,NA
M. oleifera,leaves,T. congolense,0.01mg/ml,0.01,30,0,FALSE,NA
M. oleifera,leaves,T. congolense,0.01mg/ml,0.01,31,0,FALSE,NA
M. oleifera,leaves,T. congolense,0.01mg/ml,0.01,32,0,FALSE,NA
M. oleifera,leaves,T. congolense,0.01mg/ml,0.01,33,0,FALSE,NA
M. oleifera,leaves,T. congolense,0.01mg/ml,0.01,34,0,FALSE,NA
M. oleifera,leaves,T. congolense,0.01mg/ml,0.01,35,0,FALSE,NA
M. oleifera,leaves,T. congolense,0.01mg/ml,0.01,36,0,FALSE,NA
M. oleifera,leaves,T. congolense,0.01mg/ml,0.01,37,0,FALSE,NA
M. oleifera,leaves,T. congolense,0.01mg/ml,0.01,38,0,FALSE,NA
M. oleifera,leaves,T. congolense,0.01mg/ml,0.01,39,0,FALSE,NA
M. oleifera,leaves,T. congolense,0.01mg/ml,0.01,40,0,FALSE,NA
M. oleifera,leaves,T. congolense,0.005mg/ml,0.005,1,0,FALSE,NA
M. oleifera,leaves,T. congolense,0.005mg/ml,0.005,2,0,FALSE,NA
M. oleifera,leaves,T. congolense,0.005mg/ml,0.005,3,0,FALSE,NA
M. oleifera,leaves,T. congolense,0.005mg/ml,0.005,4,0,FALSE,NA
M. oleifera,leaves,T. congolense,0.005mg/ml,0.005,5,0,FALSE,NA
M. oleifera,leaves,T. congolense,0.005mg/ml,0.005,6,0,FALSE,NA
M. oleifera,leaves,T. congolense,0.005mg/ml,0.005,7,0,FALSE,NA
M. oleifera,leaves,T. congolense,0.005mg/ml,0.005,8,0,FALSE,NA
M. oleifera,leaves,T. congolense,0.005mg/ml,0.005,9,0,FALSE,NA
M. oleifera,leaves,T. congolense,0.005mg/ml,0.005,10,0,FALSE,NA
M. oleifera,leaves,T. congolense,0.005mg/ml,0.005,11,0,FALSE,NA
M. oleifera,leaves,T. congolense,0.005mg/ml,0.005,12,0,FALSE,NA
M. oleifera,leaves,T. congolense,0.005mg/ml,0.005,13,0,FALSE,NA
M. oleifera,leaves,T. congolense,0.005mg/ml,0.005,14,0,FALSE,NA
M. oleifera,leaves,T. congolense,0.005mg/ml,0.005,15,0,FALSE,NA
M. oleifera,leaves,T. congolense,0.005mg/ml,0.005,16,0,FALSE,NA
M. oleifera,leaves,T. congolense,0.005mg/ml,0.005,17,0,FALSE,NA
M. oleifera,leaves,T. congolense,0.005mg/ml,0.005,18,0,FALSE,NA
M. oleifera,leaves,T. congolense,0.005mg/ml,0.005,19,0,FALSE,NA
M. oleifera,leaves,T. congolense,0.005mg/ml,0.005,20,0,FALSE,NA
M. oleifera,leaves,T. congolense,0.005mg/ml,0.005,21,0,FALSE,NA
M. oleifera,leaves,T. congolense,0.005mg/ml,0.005,22,0,FALSE,NA
M. oleifera,leaves,T. congolense,0.005mg/ml,0.005,23,0,FALSE,NA
M. oleifera,leaves,T. congolense,0.005mg/ml,0.005,24,0,FALSE,NA
M. oleifera,leaves,T. congolense,0.005mg/ml,0.005,25,0,FALSE,NA
M. oleifera,leaves,T. congolense,0.005mg/ml,0.005,26,0,FALSE,NA
M. oleifera,leaves,T. congolense,0.005mg/ml,0.005,27,0,FALSE,NA
M. oleifera,leaves,T. congolense,0.005mg/ml,0.005,28,0,FALSE,NA
M. oleifera,leaves,T. congolense,0.005mg/ml,0.005,29,0,FALSE,NA
M. oleifera,leaves,T. congolense,0.005mg/ml,0.005,30,0,FALSE,NA
M. oleifera,leaves,T. congolense,0.005mg/ml,0.005,31,0,FALSE,NA
M. oleifera,leaves,T. congolense,0.005mg/ml,0.005,32,0,FALSE,NA
M. oleifera,leaves,T. congolense,0.005mg/ml,0.005,33,0,FALSE,NA
M. oleifera,leaves,T. congolense,0.005mg/ml,0.005,34,0,FALSE,NA
M. oleifera,leaves,T. congolense,0.005mg/ml,0.005,35,0,FALSE,NA
M. oleifera,leaves,T. congolense,0.005mg/ml,0.005,36,0,FALSE,NA
M. oleifera,leaves,T. congolense,0.005mg/ml,0.005,37,0,FALSE,NA
M. oleifera,leaves,T. congolense,0.005mg/ml,0.005,38,0,FALSE,NA
M. oleifera,leaves,T. congolense,0.005mg/ml,0.005,39,0,FALSE,NA
M. oleifera,leaves,T. congolense,0.005mg/ml,0.005,40,0,FALSE,NA
M. oleifera,leaves,T. congolense,Negative Control,NA,1,0,FALSE,NA
M. oleifera,leaves,T. congolense,Negative Control,NA,2,0,FALSE,NA
M. oleifera,leaves,T. congolense,Negative Control,NA,3,0,FALSE,NA
M. oleifera,leaves,T. congolense,Negative Control,NA,4,0,FALSE,NA
M. oleifera,leaves,T. congolense,Negative Control,NA,5,0,FALSE,NA
M. oleifera,leaves,T. congolense,Negative Control,NA,6,0.93,FALSE,NA
M. oleifera,leaves,T. congolense,Negative Control,NA,7,3.03,FALSE,NA
M. oleifera,leaves,T. congolense,Negative Control,NA,8,3.59,FALSE,NA
M. oleifera,leaves,T. congolense,Negative Control,NA,9,4.5,FALSE,NA
M. oleifera,leaves,T. congolense,Negative Control,NA,10,4.59,FALSE,NA
M. oleifera,leaves,T. congolense,Negative Control,NA,11,5,FALSE,NA
M. oleifera,leaves,T. congolense,Negative Control,NA,12,5,FALSE,NA
M. oleifera,leaves,T. congolense,Negative Control,NA,13,NA,TRUE,NA
M. oleifera,leaves,T. congolense,Negative Control,NA,14,NA,TRUE,NA
M. oleifera,leaves,T. congolense,Negative Control,NA,15,NA,TRUE,NA
M. oleifera,leaves,T. congolense,Negative Control,NA,16,NA,TRUE,NA
M. oleifera,leaves,T. congolense,Negative Control,NA,17,NA,TRUE,NA
M. oleifera,leaves,T. congolense,Negative Control,NA,18,NA,TRUE,NA
M. oleifera,leaves,T. congolense,Negative Control,NA,19,NA,TRUE,NA
M. oleifera,leaves,T. congolense,Negative Control,NA,20,NA,TRUE,NA
M. oleifera,leaves,T. congolense,Negative Control,NA,21,NA,TRUE,NA
M. oleifera,leaves,T. congolense,Negative Control,NA,22,NA,TRUE,NA
M. oleifera,leaves,T. congolense,Negative Control,NA,23,NA,TRUE,NA
M. oleifera,leaves,T. congolense,Negative Control,NA,24,NA,TRUE,NA
M. oleifera,leaves,T. congolense,Negative Control,NA,25,NA,TRUE,NA
M. oleifera,leaves,T. congolense,Negative Control,NA,26,NA,TRUE,NA
M. oleifera,leaves,T. congolense,Negative Control,NA,27,NA,TRUE,NA
M. oleifera,leaves,T. congolense,Negative Control,NA,28,NA,TRUE,NA
M. oleifera,leaves,T. congolense,Negative Control,NA,29,NA,TRUE,NA
M. oleifera,leaves,T. congolense,Negative Control,NA,30,NA,TRUE,NA
M. oleifera,leaves,T. congolense,Negative Control,NA,31,NA,TRUE,NA
M. oleifera,leaves,T. congolense,Negative Control,NA,32,NA,TRUE,NA
M. oleifera,leaves,T. congolense,Negative Control,NA,33,NA,TRUE,NA
M. oleifera,leaves,T. congolense,Negative Control,NA,34,NA,TRUE,NA
M. oleifera,leaves,T. congolense,Negative Control,NA,35,NA,TRUE,NA
M. oleifera,leaves,T. congolense,Negative Control,NA,36,NA,TRUE,NA
M. oleifera,leaves,T. congolense,Negative Control,NA,37,NA,TRUE,NA
M. oleifera,leaves,T. congolense,Negative Control,NA,38,NA,TRUE,NA
M. oleifera,leaves,T. congolense,Negative Control,NA,39,NA,TRUE,NA
M. oleifera,leaves,T. congolense,Negative Control,NA,40,NA,TRUE,NA
M. oleifera,leaves,T. congolense,Positive Control,NA,1,0,FALSE,NA
M. oleifera,leaves,T. congolense,Positive Control,NA,2,0,FALSE,NA
M. oleifera,leaves,T. congolense,Positive Control,NA,3,0,FALSE,NA
M. oleifera,leaves,T. congolense,Positive Control,NA,4,0,FALSE,NA
M. oleifera,leaves,T. congolense,Positive Control,NA,5,0,FALSE,NA
M. oleifera,leaves,T. congolense,Positive Control,NA,6,0,FALSE,NA
M. oleifera,leaves,T. congolense,Positive Control,NA,7,0,FALSE,NA
M. oleifera,leaves,T. congolense,Positive Control,NA,8,0,FALSE,NA
M. oleifera,leaves,T. congolense,Positive Control,NA,9,0,FALSE,NA
M. oleifera,leaves,T. congolense,Positive Control,NA,10,0,FALSE,NA
M. oleifera,leaves,T. congolense,Positive Control,NA,11,0,FALSE,NA
M. oleifera,leaves,T. congolense,Positive Control,NA,12,0,FALSE,NA
M. oleifera,leaves,T. congolense,Positive Control,NA,13,0,FALSE,NA
M. oleifera,leaves,T. congolense,Positive Control,NA,14,0,FALSE,NA
M. oleifera,leaves,T. congolense,Positive Control,NA,15,0,FALSE,NA
M. oleifera,leaves,T. congolense,Positive Control,NA,16,0,FALSE,NA
M. oleifera,leaves,T. congolense,Positive Control,NA,17,0,FALSE,NA
M. oleifera,leaves,T. congolense,Positive Control,NA,18,0,FALSE,NA
M. oleifera,leaves,T. congolense,Positive Control,NA,19,0,FALSE,NA
M. oleifera,leaves,T. congolense,Positive Control,NA,20,0,FALSE,NA
M. oleifera,leaves,T. congolense,Positive Control,NA,21,0,FALSE,NA
M. oleifera,leaves,T. congolense,Positive Control,NA,22,0,FALSE,NA
M. oleifera,leaves,T. congolense,Positive Control,NA,23,0,FALSE,NA
M. oleifera,leaves,T. congolense,Positive Control,NA,24,0,FALSE,NA
M. oleifera,leaves,T. congolense,Positive Control,NA,25,0,FALSE,NA
M. oleifera,leaves,T. congolense,Positive Control,NA,26,0,FALSE,NA
M. oleifera,leaves,T. congolense,Positive Control,NA,27,0,FALSE,NA
M. oleifera,leaves,T. congolense,Positive Control,NA,28,0,FALSE,NA
M. oleifera,leaves,T. congolense,Positive Control,NA,29,0,FALSE,NA
M. oleifera,leaves,T. congolense,Positive Control,NA,30,0,FALSE,NA
M. oleifera,leaves,T. congolense,Positive Control,NA,31,0,FALSE,NA
M. oleifera,leaves,T. congolense,Positive Control,NA,32,0,FALSE,NA
M. oleifera,leaves,T. congolense,Positive Control,NA,33,0,FALSE,NA
M. oleifera,leaves,T. congolense,Positive Control,NA,34,0,FALSE,NA
M. oleifera,leaves,T. congolense,Positive Control,NA,35,0,FALSE,NA
M. oleifera,leaves,T. congolense,Positive Control,NA,36,0,FALSE,NA
M. oleifera,leaves,T. congolense,Positive Control,NA,37,0,FALSE,NA
M. oleifera,leaves,T. congolense,Positive Control,NA,38,0,FALSE,NA
M. oleifera,leaves,T. congolense,Positive Control,NA,39,0,FALSE,NA
M. oleifera,leaves,T. congolense,Positive Control,NA,40,0,FALSE,NA
A. indica,seeds,T. evansi,100mg/ml,100,1,0,FALSE,NA
A. indica,seeds,T. evansi,100mg/ml,100,2,0,FALSE,NA
A. indica,seeds,T. evansi,100mg/ml,100,3,0,FALSE,NA
A. indica,seeds,T. evansi,100mg/ml,100,4,0,FALSE,NA
A. indica,seeds,T. evansi,100mg/ml,100,5,0,FALSE,NA
A. indica,seeds,T. evansi,100mg/ml,100,6,0,FALSE,NA
A. indica,seeds,T. evansi,100mg/ml,100,7,0,FALSE,NA
A. indica,seeds,T. evansi,100mg/ml,100,8,0,FALSE,NA
A. indica,seeds,T. evansi,100mg/ml,100,9,0,FALSE,NA
A. indica,seeds,T. evansi,100mg/ml,100,10,0,FALSE,NA
A. indica,seeds,T. evansi,100mg/ml,100,11,0,FALSE,NA
A. indica,seeds,T. evansi,100mg/ml,100,12,0,FALSE,NA
A. indica,seeds,T. evansi,100mg/ml,100,13,0,FALSE,NA
A. indica,seeds,T. evansi,100mg/ml,100,14,0,FALSE,NA
A. indica,seeds,T. evansi,100mg/ml,100,15,0,FALSE,NA
A. indica,seeds,T. evansi,100mg/ml,100,16,0,FALSE,NA
A. indica,seeds,T. evansi,100mg/ml,100,17,0,FALSE,NA
A. indica,seeds,T. evansi,100mg/ml,100,18,0,FALSE,NA
A. indica,seeds,T. evansi,100mg/ml,100,19,0,FALSE,NA
A. indica,seeds,T. evansi,100mg/ml,100,20,0,FALSE,NA
A. indica,seeds,T. evansi,100mg/ml,100,21,0,FALSE,NA
A. indica,seeds,T. evansi,100mg/ml,100,22,0,FALSE,NA
A. indica,seeds,T. evansi,100mg/ml,100,23,0,FALSE,NA
A. indica,seeds,T. evansi,100mg/ml,100,24,0,FALSE,NA
A. indica,seeds,T. evansi,100mg/ml,100,25,0,FALSE,NA
A. indica,seeds,T. evansi,100mg/ml,100,26,0,FALSE,NA
A. indica,seeds,T. evansi,100mg/ml,100,27,0,FALSE,NA
A. indica,seeds,T. evansi,100mg/ml,100,28,0,FALSE,NA
A. indica,seeds,T. evansi,100mg/ml,100,29,0,FALSE,NA
A. indica,seeds,T. evansi,100mg/ml,100,30,0,FALSE,NA
A. indica,seeds,T. evansi,100mg/ml,100,31,0,FALSE,NA
A. indica,seeds,T. evansi,100mg/ml,100,32,0,FALSE,NA
A. indica,seeds,T. evansi,100mg/ml,100,33,0,FALSE,NA
A. indica,seeds,T. evansi,100mg/ml,100,34,0,FALSE,NA
A. indica,seeds,T. evansi,100mg/ml,100,35,0,FALSE,NA
A. indica,seeds,T. evansi,100mg/ml,100,36,0,FALSE,NA
A. indica,seeds,T. evansi,100mg/ml,100,37,0,FALSE,NA
A. indica,seeds,T. evansi,100mg/ml,100,38,0,FALSE,NA
A. indica,seeds,T. evansi,100mg/ml,100,39,0,FALSE,NA
A. indica,seeds,T. evansi,100mg/ml,100,40,0,FALSE,NA
A. indica,seeds,T. evansi,10mg/ml,10,1,0,FALSE,NA
A. indica,seeds,T. evansi,10mg/ml,10,2,0,FALSE,NA
A. indica,seeds,T. evansi,10mg/ml,10,3,0,FALSE,NA
A. indica,seeds,T. evansi,10mg/ml,10,4,0,FALSE,NA
A. indica,seeds,T. evansi,10mg/ml,10,5,0,FALSE,NA
A. indica,seeds,T. evansi,10mg/ml,10,6,0,FALSE,NA
A. indica,seeds,T. evansi,10mg/ml,10,7,0,FALSE,NA
A. indica,seeds,T. evansi,10mg/ml,10,8,0,FALSE,NA
A. indica,seeds,T. evansi,10mg/ml,10,9,0,FALSE,NA
A. indica,seeds,T. evansi,10mg/ml,10,10,0,FALSE,NA
A. indica,seeds,T. evansi,10mg/ml,10,11,0,FALSE,NA
A. indica,seeds,T. evansi,10mg/ml,10,12,0,FALSE,NA
A. indica,seeds,T. evansi,10mg/ml,10,13,0,FALSE,NA
A. indica,seeds,T. evansi,10mg/ml,10,14,0,FALSE,NA
A. indica,seeds,T. evansi,10mg/ml,10,15,0,FALSE,NA
A. indica,seeds,T. evansi,10mg/ml,10,16,0,FALSE,NA
A. indica,seeds,T. evansi,10mg/ml,10,17,0,FALSE,NA
A. indica,seeds,T. evansi,10mg/ml,10,18,0,FALSE,NA
A. indica,seeds,T. evansi,10mg/ml,10,19,0,FALSE,NA
A. indica,seeds,T. evansi,10mg/ml,10,20,0,FALSE,NA
A. indica,seeds,T. evansi,10mg/ml,10,21,0,FALSE,NA
A. indica,seeds,T. evansi,10mg/ml,10,22,0,FALSE,NA
A. indica,seeds,T. evansi,10mg/ml,10,23,0,FALSE,NA
A. indica,seeds,T. evansi,10mg/ml,10,24,0,FALSE,NA
A. indica,seeds,T. evansi,10mg/ml,10,25,0,FALSE,NA
A. indica,seeds,T. evansi,10mg/ml,10,26,0,FALSE,NA
A. indica,seeds,T. evansi,10mg/ml,10,27,0,FALSE,NA
A. indica,seeds,T. evansi,10mg/ml,10,28,0,FALSE,NA
A. indica,seeds,T. evansi,10mg/ml,10,29,0,FALSE,NA
A. indica,seeds,T. evansi,10mg/ml,10,30,0,FALSE,NA
A. indica,seeds,T. evansi,10mg/ml,10,31,0,FALSE,NA
A. indica,seeds,T. evansi,10mg/ml,10,32,0,FALSE,NA
A. indica,seeds,T. evansi,10mg/ml,10,33,0,FALSE,NA
A. indica,seeds,T. evansi,10mg/ml,10,34,0,FALSE,NA
A. indica,seeds,T. evansi,10mg/ml,10,35,0,FALSE,NA
A. indica,seeds,T. evansi,10mg/ml,10,36,0,FALSE,NA
A. indica,seeds,T. evansi,10mg/ml,10,37,0,FALSE,NA
A. indica,seeds,T. evansi,10mg/ml,10,38,0,FALSE,NA
A. indica,seeds,T. evansi,10mg/ml,10,39,0,FALSE,NA
A. indica,seeds,T. evansi,10mg/ml,10,40,0,FALSE,NA
A. indica,seeds,T. evansi,0.5mg/ml,0.5,1,0,FALSE,NA
A. indica,seeds,T. evansi,0.5mg/ml,0.5,2,0,FALSE,NA
A. indica,seeds,T. evansi,0.5mg/ml,0.5,3,0,FALSE,NA
A. indica,seeds,T. evansi,0.5mg/ml,0.5,4,0,FALSE,NA
A. indica,seeds,T. evansi,0.5mg/ml,0.5,5,0,FALSE,NA
A. indica,seeds,T. evansi,0.5mg/ml,0.5,6,0,FALSE,NA
A. indica,seeds,T. evansi,0.5mg/ml,0.5,7,0,FALSE,NA
A. indica,seeds,T. evansi,0.5mg/ml,0.5,8,0,FALSE,NA
A. indica,seeds,T. evansi,0.5mg/ml,0.5,9,0,FALSE,NA
A. indica,seeds,T. evansi,0.5mg/ml,0.5,10,0,FALSE,NA
A. indica,seeds,T. evansi,0.5mg/ml,0.5,11,0,FALSE,NA
A. indica,seeds,T. evansi,0.5mg/ml,0.5,12,0.33,FALSE,NA
A. indica,seeds,T. evansi,0.5mg/ml,0.5,13,1.85,FALSE,NA
A. indica,seeds,T. evansi,0.5mg/ml,0.5,14,4.3,FALSE,NA
A. indica,seeds,T. evansi,0.5mg/ml,0.5,15,NA,TRUE,NA
A. indica,seeds,T. evansi,0.5mg/ml,0.5,16,5,FALSE,NA
A. indica,seeds,T. evansi,0.5mg/ml,0.5,17,5,FALSE,NA
A. indica,seeds,T. evansi,0.5mg/ml,0.5,18,NA,TRUE,NA
A. indica,seeds,T. evansi,0.5mg/ml,0.5,19,NA,TRUE,NA
A. indica,seeds,T. evansi,0.5mg/ml,0.5,20,NA,TRUE,NA
A. indica,seeds,T. evansi,0.5mg/ml,0.5,21,NA,TRUE,NA
A. indica,seeds,T. evansi,0.5mg/ml,0.5,22,NA,TRUE,NA
A. indica,seeds,T. evansi,0.5mg/ml,0.5,23,NA,TRUE,NA
A. indica,seeds,T. evansi,0.5mg/ml,0.5,24,NA,TRUE,NA
A. indica,seeds,T. evansi,0.5mg/ml,0.5,25,NA,TRUE,NA
A. indica,seeds,T. evansi,0.5mg/ml,0.5,26,NA,TRUE,NA
A. indica,seeds,T. evansi,0.5mg/ml,0.5,27,NA,TRUE,NA
A. indica,seeds,T. evansi,0.5mg/ml,0.5,28,NA,TRUE,NA
A. indica,seeds,T. evansi,0.5mg/ml,0.5,29,NA,TRUE,NA
A. indica,seeds,T. evansi,0.5mg/ml,0.5,30,NA,TRUE,NA
A. indica,seeds,T. evansi,0.5mg/ml,0.5,31,NA,TRUE,NA
A. indica,seeds,T. evansi,0.5mg/ml,0.5,32,NA,TRUE,NA
A. indica,seeds,T. evansi,0.5mg/ml,0.5,33,NA,TRUE,NA
A. indica,seeds,T. evansi,0.5mg/ml,0.5,34,NA,TRUE,NA
A. indica,seeds,T. evansi,0.5mg/ml,0.5,35,NA,TRUE,NA
A. indica,seeds,T. evansi,0.5mg/ml,0.5,36,NA,TRUE,NA
A. indica,seeds,T. evansi,0.5mg/ml,0.5,37,NA,TRUE,NA
A. indica,seeds,T. evansi,0.5mg/ml,0.5,38,NA,TRUE,NA
A. indica,seeds,T. evansi,0.5mg/ml,0.5,39,NA,TRUE,NA
A. indica,seeds,T. evansi,0.5mg/ml,0.5,40,NA,TRUE,NA
A. indica,seeds,T. evansi,0.01mg/ml,0.01,1,0,FALSE,NA
A. indica,seeds,T. evansi,0.01mg/ml,0.01,2,0,FALSE,NA
A. indica,seeds,T. evansi,0.01mg/ml,0.01,3,0,FALSE,NA
A. indica,seeds,T. evansi,0.01mg/ml,0.01,4,0,FALSE,NA
A. indica,seeds,T. evansi,0.01mg/ml,0.01,5,0,FALSE,NA
A. indica,seeds,T. evansi,0.01mg/ml,0.01,6,0,FALSE,NA
A. indica,seeds,T. evansi,0.01mg/ml,0.01,7,0,FALSE,NA
A. indica,seeds,T. evansi,0.01mg/ml,0.01,8,0,FALSE,NA
A. indica,seeds,T. evansi,0.01mg/ml,0.01,9,0,FALSE,NA
A. indica,seeds,T. evansi,0.01mg/ml,0.01,10,0,FALSE,NA
A. indica,seeds,T. evansi,0.01mg/ml,0.01,11,0,FALSE,NA
A. indica,seeds,T. evansi,0.01mg/ml,0.01,12,2.33,FALSE,NA
A. indica,seeds,T. evansi,0.01mg/ml,0.01,13,2.83,FALSE,NA
A. indica,seeds,T. evansi,0.01mg/ml,0.01,14,3.67,FALSE,NA
A. indica,seeds,T. evansi,0.01mg/ml,0.01,15,3.84,FALSE,NA
A. indica,seeds,T. evansi,0.01mg/ml,0.01,16,4.59,FALSE,NA
A. indica,seeds,T. evansi,0.01mg/ml,0.01,17,4.6,FALSE,NA
A. indica,seeds,T. evansi,0.01mg/ml,0.01,18,4.9,FALSE,NA
A. indica,seeds,T. evansi,0.01mg/ml,0.01,19,5,FALSE,NA
A. indica,seeds,T. evansi,0.01mg/ml,0.01,20,5,FALSE,NA
A. indica,seeds,T. evansi,0.01mg/ml,0.01,21,5,FALSE,NA
A. indica,seeds,T. evansi,0.01mg/ml,0.01,22,NA,TRUE,NA
A. indica,seeds,T. evansi,0.01mg/ml,0.01,23,NA,TRUE,NA
A. indica,seeds,T. evansi,0.01mg/ml,0.01,24,NA,TRUE,NA
A. indica,seeds,T. evansi,0.01mg/ml,0.01,25,NA,TRUE,NA
A. indica,seeds,T. evansi,0.01mg/ml,0.01,26,NA,TRUE,NA
A. indica,seeds,T. evansi,0.01mg/ml,0.01,27,NA,TRUE,NA
A. indica,seeds,T. evansi,0.01mg/ml,0.01,28,NA,TRUE,NA
A. indica,seeds,T. evansi,0.01mg/ml,0.01,29,NA,TRUE,NA
A. indica,seeds,T. evansi,0.01mg/ml,0.01,30,NA,TRUE,NA
A. indica,seeds,T. evansi,0.01mg/ml,0.01,31,NA,TRUE,NA
A. indica,seeds,T. evansi,0.01mg/ml,0.01,32,NA,TRUE,NA
A. indica,seeds,T. evansi,0.01mg/ml,0.01,33,NA,TRUE,NA
A. indica,seeds,T. evansi,0.01mg/ml,0.01,34,NA,TRUE,NA
A. indica,seeds,T. evansi,0.01mg/ml,0.01,35,NA,TRUE,NA
A. indica,seeds,T. evansi,0.01mg/ml,0.01,36,NA,TRUE,NA
A. indica,seeds,T. evansi,0.01mg/ml,0.01,37,NA,TRUE,NA
A. indica,seeds,T. evansi,0.01mg/ml,0.01,38,NA,TRUE,NA
A. indica,seeds,T. evansi,0.01mg/ml,0.01,39,NA,TRUE,NA
A. indica,seeds,T. evansi,0.01mg/ml,0.01,40,NA,TRUE,NA
A. indica,seeds,T. evansi,0.005mg/ml,0.005,1,0,FALSE,NA
A. indica,seeds,T. evansi,0.005mg/ml,0.005,2,0,FALSE,NA
A. indica,seeds,T. evansi,0.005mg/ml,0.005,3,0,FALSE,NA
A. indica,seeds,T. evansi,0.005mg/ml,0.005,4,0,FALSE,NA
A. indica,seeds,T. evansi,0.005mg/ml,0.005,5,0,FALSE,NA
A. indica,seeds,T. evansi,0.005mg/ml,0.005,6,0,FALSE,NA
A. indica,seeds,T. evansi,0.005mg/ml,0.005,7,0,FALSE,NA
A. indica,seeds,T. evansi,0.005mg/ml,0.005,8,0,FALSE,NA
A. indica,seeds,T. evansi,0.005mg/ml,0.005,9,NA,TRUE,NA
A. indica,seeds,T. evansi,0.005mg/ml,0.005,10,0,FALSE,NA
A. indica,seeds,T. evansi,0.005mg/ml,0.005,11,2.35,FALSE,NA
A. indica,seeds,T. evansi,0.005mg/ml,0.005,12,2.61,FALSE,NA
A. indica,seeds,T. evansi,0.005mg/ml,0.005,13,3.46,FALSE,NA
A. indica,seeds,T. evansi,0.005mg/ml,0.005,14,1.46,FALSE,NA
A. indica,seeds,T. evansi,0.005mg/ml,0.005,15,0.66,FALSE,NA
A. indica,seeds,T. evansi,0.005mg/ml,0.005,16,1,FALSE,NA
A. indica,seeds,T. evansi,0.005mg/ml,0.005,17,1.23,FALSE,NA
A. indica,seeds,T. evansi,0.005mg/ml,0.005,18,1.33,FALSE,NA
A. indica,seeds,T. evansi,0.005mg/ml,0.005,19,1.43,FALSE,NA
A. indica,seeds,T. evansi,0.005mg/ml,0.005,20,1.63,FALSE,NA
A. indica,seeds,T. evansi,0.005mg/ml,0.005,21,3,FALSE,NA
A. indica,seeds,T. evansi,0.005mg/ml,0.005,22,4.39,FALSE,NA
A. indica,seeds,T. evansi,0.005mg/ml,0.005,23,4.5,FALSE,NA
A. indica,seeds,T. evansi,0.005mg/ml,0.005,24,5,FALSE,NA
A. indica,seeds,T. evansi,0.005mg/ml,0.005,25,NA,TRUE,NA
A. indica,seeds,T. evansi,0.005mg/ml,0.005,26,NA,TRUE,NA
A. indica,seeds,T. evansi,0.005mg/ml,0.005,27,NA,TRUE,NA
A. indica,seeds,T. evansi,0.005mg/ml,0.005,28,NA,TRUE,NA
A. indica,seeds,T. evansi,0.005mg/ml,0.005,29,NA,TRUE,NA
A. indica,seeds,T. evansi,0.005mg/ml,0.005,30,NA,TRUE,NA
A. indica,seeds,T. evansi,0.005mg/ml,0.005,31,NA,TRUE,NA
A. indica,seeds,T. evansi,0.005mg/ml,0.005,32,NA,TRUE,NA
A. indica,seeds,T. evansi,0.005mg/ml,0.005,33,NA,TRUE,NA
A. indica,seeds,T. evansi,0.005mg/ml,0.005,34,NA,TRUE,NA
A. indica,seeds,T. evansi,0.005mg/ml,0.005,35,NA,TRUE,NA
A. indica,seeds,T. evansi,0.005mg/ml,0.005,36,NA,TRUE,NA
A. indica,seeds,T. evansi,0.005mg/ml,0.005,37,NA,TRUE,NA
A. indica,seeds,T. evansi,0.005mg/ml,0.005,38,NA,TRUE,NA
A. indica,seeds,T. evansi,0.005mg/ml,0.005,39,NA,TRUE,NA
A. indica,seeds,T. evansi,0.005mg/ml,0.005,40,NA,TRUE,NA
A. indica,seeds,T. evansi,Negative Control,NA,1,0,FALSE,NA
A. indica,seeds,T. evansi,Negative Control,NA,2,0,FALSE,NA
A. indica,seeds,T. evansi,Negative Control,NA,3,0,FALSE,NA
A. indica,seeds,T. evansi,Negative Control,NA,4,0,FALSE,NA
A. indica,seeds,T. evansi,Negative Control,NA,5,0,FALSE,NA
A. indica,seeds,T. evansi,Negative Control,NA,6,0,FALSE,NA
A. indica,seeds,T. evansi,Negative Control,NA,7,2.59,FALSE,NA
A. indica,seeds,T. evansi,Negative Control,NA,8,3.12,FALSE,NA
A. indica,seeds,T. evansi,Negative Control,NA,9,4.11,FALSE,NA
A. indica,seeds,T. evansi,Negative Control,NA,10,3.83,FALSE,NA
A. indica,seeds,T. evansi,Negative Control,NA,11,3.3,FALSE,NA
A. indica,seeds,T. evansi,Negative Control,NA,12,4.33,FALSE,NA
A. indica,seeds,T. evansi,Negative Control,NA,13,3.33,FALSE,NA
A. indica,seeds,T. evansi,Negative Control,NA,14,3.74,FALSE,NA
A. indica,seeds,T. evansi,Negative Control,NA,15,4.28,FALSE,NA
A. indica,seeds,T. evansi,Negative Control,NA,16,4.54,FALSE,NA
A. indica,seeds,T. evansi,Negative Control,NA,17,4.41,FALSE,NA
A. indica,seeds,T. evansi,Negative Control,NA,18,3.82,FALSE,NA
A. indica,seeds,T. evansi,Negative Control,NA,19,4.86,FALSE,NA
A. indica,seeds,T. evansi,Negative Control,NA,20,5,FALSE,NA
A. indica,seeds,T. evansi,Negative Control,NA,21,5,FALSE,NA
A. indica,seeds,T. evansi,Negative Control,NA,22,5,FALSE,NA
A. indica,seeds,T. evansi,Negative Control,NA,23,5,FALSE,NA
A. indica,seeds,T. evansi,Negative Control,NA,24,5,FALSE,NA
A. indica,seeds,T. evansi,Negative Control,NA,25,NA,TRUE,NA
A. indica,seeds,T. evansi,Negative Control,NA,26,NA,TRUE,NA
A. indica,seeds,T. evansi,Negative Control,NA,27,NA,TRUE,NA
A. indica,seeds,T. evansi,Negative Control,NA,28,NA,TRUE,NA
A. indica,seeds,T. evansi,Negative Control,NA,29,NA,TRUE,NA
A. indica,seeds,T. evansi,Negative Control,NA,30,NA,TRUE,NA
A. indica,seeds,T. evansi,Negative Control,NA,31,NA,TRUE,NA
A. indica,seeds,T. evansi,Negative Control,NA,32,NA,TRUE,NA
A. indica,seeds,T. evansi,Negative Control,NA,33,NA,TRUE,NA
A. indica,seeds,T. evansi,Negative Control,NA,34,NA,TRUE,NA
A. indica,seeds,T. evansi,Negative Control,NA,35,NA,TRUE,NA
A. indica,seeds,T. evansi,Negative Control,NA,36,NA,TRUE,NA
A. indica,seeds,T. evansi,Negative Control,NA,37,NA,TRUE,NA
A. indica,seeds,T. evansi,Negative Control,NA,38,NA,TRUE,NA
A. indica,seeds,T. evansi,Negative Control,NA,39,NA,TRUE,NA
A. indica,seeds,T. evansi,Negative Control,NA,40,NA,TRUE,NA
A. indica,seeds,T. evansi,Positive Control,NA,1,0,FALSE,NA
A. indica,seeds,T. evansi,Positive Control,NA,2,0,FALSE,NA
A. indica,seeds,T. evansi,Positive Control,NA,3,0,FALSE,NA
A. indica,seeds,T. evansi,Positive Control,NA,4,0,FALSE,NA
A. indica,seeds,T. evansi,Positive Control,NA,5,0,FALSE,NA
A. indica,seeds,T. evansi,Positive Control,NA,6,0,FALSE,NA
A. indica,seeds,T. evansi,Positive Control,NA,7,0,FALSE,NA
A. indica,seeds,T. evansi,Positive Control,NA,8,0,FALSE,NA
A. indica,seeds,T. evansi,Positive Control,NA,9,0,FALSE,NA
A. indica,seeds,T. evansi,Positive Control,NA,10,0,FALSE,NA
A. indica,seeds,T. evansi,Positive Control,NA,11,0,FALSE,NA
A. indica,seeds,T. evansi,Positive Control,NA,12,0,FALSE,NA
A. indica,seeds,T. evansi,Positive Control,NA,13,0,FALSE,NA
A. indica,seeds,T. evansi,Positive Control,NA,14,0,FALSE,NA
A. indica,seeds,T. evansi,Positive Control,NA,15,0,FALSE,NA
A. indica,seeds,T. evansi,Positive Control,NA,16,0,FALSE,NA
A. indica,seeds,T. evansi,Positive Control,NA,17,0,FALSE,NA
A. indica,seeds,T. evansi,Positive Control,NA,18,0,FALSE,NA
A. indica,seeds,T. evansi,Positive Control,NA,19,0,FALSE,NA
A. indica,seeds,T. evansi,Positive Control,NA,20,0,FALSE,NA
A. indica,seeds,T. evansi,Positive Control,NA,21,0,FALSE,NA
A. indica,seeds,T. evansi,Positive Control,NA,22,0,FALSE,NA
A. indica,seeds,T. evansi,Positive Control,NA,23,0,FALSE,NA
A. indica,seeds,T. evansi,Positive Control,NA,24,0,FALSE,NA
A. indica,seeds,T. evansi,Positive Control,NA,25,0,FALSE,NA
A. indica,seeds,T. evansi,Positive Control,NA,26,0,FALSE,NA
A. indica,seeds,T. evansi,Positive Control,NA,27,0,FALSE,NA
A. indica,seeds,T. evansi,Positive Control,NA,28,0,FALSE,NA
A. indica,seeds,T. evansi,Positive Control,NA,29,0,FALSE,NA
A. indica,seeds,T. evansi,Positive Control,NA,30,0,FALSE,NA
A. indica,seeds,T. evansi,Positive Control,NA,31,0,FALSE,NA
A. indica,seeds,T. evansi,Positive Control,NA,32,0,FALSE,NA
A. indica,seeds,T. evansi,Positive Control,NA,33,0,FALSE,NA
A. indica,seeds,T. evansi,Positive Control,NA,34,0,FALSE,NA
A. indica,seeds,T. evansi,Positive Control,NA,35,0,FALSE,NA
A. indica,seeds,T. evansi,Positive Control,NA,36,0,FALSE,NA
A. indica,seeds,T. evansi,Positive Control,NA,37,0,FALSE,NA
A. indica,seeds,T. evansi,Positive Control,NA,38,0,FALSE,NA
A. indica,seeds,T. evansi,Positive Control,NA,39,0,FALSE,NA
A. indica,seeds,T. evansi,Positive Control,NA,40,0,FALSE,NA
A. indica,roots,T. evansi,100mg/ml,100,1,0,FALSE,NA
A. indica,roots,T. evansi,100mg/ml,100,2,0,FALSE,NA
A. indica,roots,T. evansi,100mg/ml,100,3,0,FALSE,NA
A. indica,roots,T. evansi,100mg/ml,100,4,0,FALSE,NA
A. indica,roots,T. evansi,100mg/ml,100,5,0,FALSE,NA
A. indica,roots,T. evansi,100mg/ml,100,6,0,FALSE,NA
A. indica,roots,T. evansi,100mg/ml,100,7,0,FALSE,NA
A. indica,roots,T. evansi,100mg/ml,100,8,0,FALSE,NA
A. indica,roots,T. evansi,100mg/ml,100,9,0,FALSE,NA
A. indica,roots,T. evansi,100mg/ml,100,10,0,FALSE,NA
A. indica,roots,T. evansi,100mg/ml,100,11,0,FALSE,NA
A. indica,roots,T. evansi,100mg/ml,100,12,0,FALSE,NA
A. indica,roots,T. evansi,100mg/ml,100,13,0,FALSE,NA
A. indica,roots,T. evansi,100mg/ml,100,14,0,FALSE,NA
A. indica,roots,T. evansi,100mg/ml,100,15,0,FALSE,NA
A. indica,roots,T. evansi,100mg/ml,100,16,0,FALSE,NA
A. indica,roots,T. evansi,100mg/ml,100,17,0,FALSE,NA
A. indica,roots,T. evansi,100mg/ml,100,18,0,FALSE,NA
A. indica,roots,T. evansi,100mg/ml,100,19,0,FALSE,NA
A. indica,roots,T. evansi,100mg/ml,100,20,0,FALSE,NA
A. indica,roots,T. evansi,100mg/ml,100,21,0,FALSE,NA
A. indica,roots,T. evansi,100mg/ml,100,22,0,FALSE,NA
A. indica,roots,T. evansi,100mg/ml,100,23,0,FALSE,NA
A. indica,roots,T. evansi,100mg/ml,100,24,0,FALSE,NA
A. indica,roots,T. evansi,100mg/ml,100,25,0,FALSE,NA
A. indica,roots,T. evansi,100mg/ml,100,26,0,FALSE,NA
A. indica,roots,T. evansi,100mg/ml,100,27,0,FALSE,NA
A. indica,roots,T. evansi,100mg/ml,100,28,0,FALSE,NA
A. indica,roots,T. evansi,100mg/ml,100,29,0,FALSE,NA
A. indica,roots,T. evansi,100mg/ml,100,30,0,FALSE,NA
A. indica,roots,T. evansi,100mg/ml,100,31,0,FALSE,NA
A. indica,roots,T. evansi,100mg/ml,100,32,0,FALSE,NA
A. indica,roots,T. evansi,100mg/ml,100,33,0,FALSE,NA
A. indica,roots,T. evansi,100mg/ml,100,34,0,FALSE,NA
A. indica,roots,T. evansi,100mg/ml,100,35,0,FALSE,NA
A. indica,roots,T. evansi,100mg/ml,100,36,0,FALSE,NA
A. indica,roots,T. evansi,100mg/ml,100,37,0,FALSE,NA
A. indica,roots,T. evansi,100mg/ml,100,38,0,FALSE,NA
A. indica,roots,T. evansi,100mg/ml,100,39,0,FALSE,NA
A. indica,roots,T. evansi,100mg/ml,100,40,0,FALSE,NA
A. indica,roots,T. evansi,10mg/ml,10,1,0,FALSE,NA
A. indica,roots,T. evansi,10mg/ml,10,2,0,FALSE,NA
A. indica,roots,T. evansi,10mg/ml,10,3,0,FALSE,NA
A. indica,roots,T. evansi,10mg/ml,10,4,0,FALSE,NA
A. indica,roots,T. evansi,10mg/ml,10,5,0,FALSE,NA
A. indica,roots,T. evansi,10mg/ml,10,6,0,FALSE,NA
A. indica,roots,T. evansi,10mg/ml,10,7,0,FALSE,NA
A. indica,roots,T. evansi,10mg/ml,10,8,0,FALSE,NA
A. indica,roots,T. evansi,10mg/ml,10,9,0,FALSE,NA
A. indica,roots,T. evansi,10mg/ml,10,10,0,FALSE,NA
A. indica,roots,T. evansi,10mg/ml,10,11,0,FALSE,NA
A. indica,roots,T. evansi,10mg/ml,10,12,0,FALSE,NA
A. indica,roots,T. evansi,10mg/ml,10,13,0,FALSE,NA
A. indica,roots,T. evansi,10mg/ml,10,14,0,FALSE,NA
A. indica,roots,T. evansi,10mg/ml,10,15,0,FALSE,NA
A. indica,roots,T. evansi,10mg/ml,10,16,0,FALSE,NA
A. indica,roots,T. evansi,10mg/ml,10,17,0,FALSE,NA
A. indica,roots,T. evansi,10mg/ml,10,18,0,FALSE,NA
A. indica,roots,T. evansi,10mg/ml,10,19,0,FALSE,NA
A. indica,roots,T. evansi,10mg/ml,10,20,0,FALSE,NA
A. indica,roots,T. evansi,10mg/ml,10,21,0,FALSE,NA
A. indica,roots,T. evansi,10mg/ml,10,22,0,FALSE,NA
A. indica,roots,T. evansi,10mg/ml,10,23,0,FALSE,NA
A. indica,roots,T. evansi,10mg/ml,10,24,0,FALSE,NA
A. indica,roots,T. evansi,10mg/ml,10,25,0,FALSE,NA
A. indica,roots,T. evansi,10mg/ml,10,26,0,FALSE,NA
A. indica,roots,T. evansi,10mg/ml,10,27,0,FALSE,NA
A. indica,roots,T. evansi,10mg/ml,10,28,0,FALSE,NA
A. indica,roots,T. evansi,10mg/ml,10,29,0,FALSE,NA
A. indica,roots,T. evansi,10mg/ml,10,30,0,FALSE,NA
A. indica,roots,T. evansi,10mg/ml,10,31,0,FALSE,NA
A. indica,roots,T. evansi,10mg/ml,10,32,0,FALSE,NA
A. indica,roots,T. evansi,10mg/ml,10,33,0,FALSE,NA
A. indica,roots,T. evansi,10mg/ml,10,34,0,FALSE,NA
A. indica,roots,T. evansi,10mg/ml,10,35,0,FALSE,NA
A. indica,roots,T. evansi,10mg/ml,10,36,0,FALSE,NA
A. indica,roots,T. evansi,10mg/ml,10,37,0,FALSE,NA
A. indica,roots,T. evansi,10mg/ml,10,38,0,FALSE,NA
A. indica,roots,T. evansi,10mg/ml,10,39,0,FALSE,NA
A. indica,roots,T. evansi,10mg/ml,10,40,0,FALSE,NA
A. indica,roots,T. evansi,0.5mg/ml,0.5,1,0,FALSE,NA
A. indica,roots,T. evansi,0.5mg/ml,0.5,2,0,FALSE,NA
A. indica,roots,T. evansi,0.5mg/ml,0.5,3,0,FALSE,NA
A. indica,roots,T. evansi,0.5mg/ml,0.5,4,0,FALSE,NA
A. indica,roots,T. evansi,0.5mg/ml,0.5,5,0,FALSE,NA
A. indica,roots,T. evansi,0.5mg/ml,0.5,6,0,FALSE,NA
A. indica,roots,T. evansi,0.5mg/ml,0.5,7,0,FALSE,NA
A. indica,roots,T. evansi,0.5mg/ml,0.5,8,0,FALSE,NA
A. indica,roots,T. evansi,0.5mg/ml,0.5,9,0,FALSE,NA
A. indica,roots,T. evansi,0.5mg/ml,0.5,10,0,FALSE,NA
A. indica,roots,T. evansi,0.5mg/ml,0.5,11,0,FALSE,NA
A. indica,roots,T. evansi,0.5mg/ml,0.5,12,0,FALSE,NA
A. indica,roots,T. evansi,0.5mg/ml,0.5,13,0,FALSE,NA
A. indica,roots,T. evansi,0.5mg/ml,0.5,14,0,FALSE,NA
A. indica,roots,T. evansi,0.5mg/ml,0.5,15,0,FALSE,NA
A. indica,roots,T. evansi,0.5mg/ml,0.5,16,0,FALSE,NA
A. indica,roots,T. evansi,0.5mg/ml,0.5,17,0,FALSE,NA
A. indica,roots,T. evansi,0.5mg/ml,0.5,18,0,FALSE,NA
A. indica,roots,T. evansi,0.5mg/ml,0.5,19,0,FALSE,NA
A. indica,roots,T. evansi,0.5mg/ml,0.5,20,0,FALSE,NA
A. indica,roots,T. evansi,0.5mg/ml,0.5,21,0,FALSE,NA
A. indica,roots,T. evansi,0.5mg/ml,0.5,22,0,FALSE,NA
A. indica,roots,T. evansi,0.5mg/ml,0.5,23,0,FALSE,NA
A. indica,roots,T. evansi,0.5mg/ml,0.5,24,0,FALSE,NA
A. indica,roots,T. evansi,0.5mg/ml,0.5,25,0,FALSE,NA
A. indica,roots,T. evansi,0.5mg/ml,0.5,26,0,FALSE,NA
A. indica,roots,T. evansi,0.5mg/ml,0.5,27,0,FALSE,NA
A. indica,roots,T. evansi,0.5mg/ml,0.5,28,0,FALSE,NA
A. indica,roots,T. evansi,0.5mg/ml,0.5,29,0,FALSE,NA
A. indica,roots,T. evansi,0.5mg/ml,0.5,30,0,FALSE,NA
A. indica,roots,T. evansi,0.5mg/ml,0.5,31,0,FALSE,NA
A. indica,roots,T. evansi,0.5mg/ml,0.5,32,0,FALSE,NA
A. indica,roots,T. evansi,0.5mg/ml,0.5,33,0,FALSE,NA
A. indica,roots,T. evansi,0.5mg/ml,0.5,34,0,FALSE,NA
A. indica,roots,T. evansi,0.5mg/ml,0.5,35,0,FALSE,NA
A. indica,roots,T. evansi,0.5mg/ml,0.5,36,0,FALSE,NA
A. indica,roots,T. evansi,0.5mg/ml,0.5,37,0,FALSE,NA
A. indica,roots,T. evansi,0.5mg/ml,0.5,38,0,FALSE,NA
A. indica,roots,T. evansi,0.5mg/ml,0.5,39,0,FALSE,NA
A. indica,roots,T. evansi,0.5mg/ml,0.5,40,0,FALSE,NA
A. indica,roots,T. evansi,0.01mg/ml,0.01,1,0,FALSE,NA
A. indica,roots,T. evansi,0.01mg/ml,0.01,2,0,FALSE,NA
A. indica,roots,T. evansi,0.01mg/ml,0.01,3,0,FALSE,NA
A. indica,roots,T. evansi,0.01mg/ml,0.01,4,0,FALSE,NA
A. indica,roots,T. evansi,0.01mg/ml,0.01,5,0,FALSE,NA
A. indica,roots,T. evansi,0.01mg/ml,0.01,6,0,FALSE,NA
A. indica,roots,T. evansi,0.01mg/ml,0.01,7,0,FALSE,NA
A. indica,roots,T. evansi,0.01mg/ml,0.01,8,0,FALSE,NA
A. indica,roots,T. evansi,0.01mg/ml,0.01,9,0,FALSE,NA
A. indica,roots,T. evansi,0.01mg/ml,0.01,10,0,FALSE,NA
A. indica,roots,T. evansi,0.01mg/ml,0.01,11,0,FALSE,NA
A. indica,roots,T. evansi,0.01mg/ml,0.01,12,0,FALSE,NA
A. indica,roots,T. evansi,0.01mg/ml,0.01,13,0,FALSE,NA
A. indica,roots,T. evansi,0.01mg/ml,0.01,14,0,FALSE,NA
A. indica,roots,T. evansi,0.01mg/ml,0.01,15,0,FALSE,NA
A. indica,roots,T. evansi,0.01mg/ml,0.01,16,0,FALSE,NA
A. indica,roots,T. evansi,0.01mg/ml,0.01,17,0,FALSE,NA
A. indica,roots,T. evansi,0.01mg/ml,0.01,18,0,FALSE,NA
A. indica,roots,T. evansi,0.01mg/ml,0.01,19,0,FALSE,NA
A. indica,roots,T. evansi,0.01mg/ml,0.01,20,0,FALSE,NA
A. indica,roots,T. evansi,0.01mg/ml,0.01,21,0,FALSE,NA
A. indica,roots,T. evansi,0.01mg/ml,0.01,22,0,FALSE,NA
A. indica,roots,T. evansi,0.01mg/ml,0.01,23,0,FALSE,NA
A. indica,roots,T. evansi,0.01mg/ml,0.01,24,0,FALSE,NA
A. indica,roots,T. evansi,0.01mg/ml,0.01,25,0,FALSE,NA
A. indica,roots,T. evansi,0.01mg/ml,0.01,26,0,FALSE,NA
A. indica,roots,T. evansi,0.01mg/ml,0.01,27,0,FALSE,NA
A. indica,roots,T. evansi,0.01mg/ml,0.01,28,0,FALSE,NA
A. indica,roots,T. evansi,0.01mg/ml,0.01,29,0,FALSE,NA
A. indica,roots,T. evansi,0.01mg/ml,0.01,30,0,FALSE,NA
A. indica,roots,T. evansi,0.01mg/ml,0.01,31,0,FALSE,NA
A. indica,roots,T. evansi,0.01mg/ml,0.01,32,0,FALSE,NA
A. indica,roots,T. evansi,0.01mg/ml,0.01,33,0,FALSE,NA
A. indica,roots,T. evansi,0.01mg/ml,0.01,34,0,FALSE,NA
A. indica,roots,T. evansi,0.01mg/ml,0.01,35,0,FALSE,NA
A. indica,roots,T. evansi,0.01mg/ml,0.01,36,0,FALSE,NA
A. indica,roots,T. evansi,0.01mg/ml,0.01,37,0,FALSE,NA
A. indica,roots,T. evansi,0.01mg/ml,0.01,38,0,FALSE,NA
A. indica,roots,T. evansi,0.01mg/ml,0.01,39,0,FALSE,NA
A. indica,roots,T. evansi,0.01mg/ml,0.01,40,0,FALSE,NA
A. indica,roots,T. evansi,0.005mg/ml,0.005,1,0,FALSE,NA
A. indica,roots,T. evansi,0.005mg/ml,0.005,2,0,FALSE,NA
A. indica,roots,T. evansi,0.005mg/ml,0.005,3,0,FALSE,NA
A. indica,roots,T. evansi,0.005mg/ml,0.005,4,0,FALSE,NA
A. indica,roots,T. evansi,0.005mg/ml,0.005,5,0,FALSE,NA
A. indica,roots,T. evansi,0.005mg/ml,0.005,6,0,FALSE,NA
A. indica,roots,T. evansi,0.005mg/ml,0.005,7,0,FALSE,NA
A. indica,roots,T. evansi,0.005mg/ml,0.005,8,0,FALSE,NA
A. indica,roots,T. evansi,0.005mg/ml,0.005,9,0,FALSE,NA
A. indica,roots,T. evansi,0.005mg/ml,0.005,10,0,FALSE,NA
A. indica,roots,T. evansi,0.005mg/ml,0.005,11,0,FALSE,NA
A. indica,roots,T. evansi,0.005mg/ml,0.005,12,0,FALSE,NA
A. indica,roots,T. evansi,0.005mg/ml,0.005,13,0,FALSE,NA
A. indica,roots,T. evansi,0.005mg/ml,0.005,14,0,FALSE,NA
A. indica,roots,T. evansi,0.005mg/ml,0.005,15,0,FALSE,NA
A. indica,roots,T. evansi,0.005mg/ml,0.005,16,0,FALSE,NA
A. indica,roots,T. evansi,0.005mg/ml,0.005,17,0,FALSE,NA
A. indica,roots,T. evansi,0.005mg/ml,0.005,18,0,FALSE,NA
A. indica,roots,T. evansi,0.005mg/ml,0.005,19,0,FALSE,NA
A. indica,roots,T. evansi,0.005mg/ml,0.005,20,0,FALSE,NA
A. indica,roots,T. evansi,0.005mg/ml,0.005,21,0,FALSE,NA
A. indica,roots,T. evansi,0.005mg/ml,0.005,22,0,FALSE,NA
A. indica,roots,T. evansi,0.005mg/ml,0.005,23,0,FALSE,NA
A. indica,roots,T. evansi,0.005mg/ml,0.005,24,0,FALSE,NA
A. indica,roots,T. evansi,0.005mg/ml,0.005,25,0,FALSE,NA
A. indica,roots,T. evansi,0.005mg/ml,0.005,26,0,FALSE,NA
A. indica,roots,T. evansi,0.005mg/ml,0.005,27,0,FALSE,NA
A. indica,roots,T. evansi,0.005mg/ml,0.005,28,0,FALSE,NA
A. indica,roots,T. evansi,0.005mg/ml,0.005,29,0,FALSE,NA
A. indica,roots,T. evansi,0.005mg/ml,0.005,30,0,FALSE,NA
A. indica,roots,T. evansi,0.005mg/ml,0.005,31,0,FALSE,NA
A. indica,roots,T. evansi,0.005mg/ml,0.005,32,0,FALSE,NA
A. indica,roots,T. evansi,0.005mg/ml,0.005,33,0,FALSE,NA
A. indica,roots,T. evansi,0.005mg/ml,0.005,34,0,FALSE,NA
A. indica,roots,T. evansi,0.005mg/ml,0.005,35,0,FALSE,NA
A. indica,roots,T. evansi,0.005mg/ml,0.005,36,0,FALSE,NA
A. indica,roots,T. evansi,0.005mg/ml,0.005,37,0,FALSE,NA
A. indica,roots,T. evansi,0.005mg/ml,0.005,38,0,FALSE,NA
A. indica,roots,T. evansi,0.005mg/ml,0.005,39,0,FALSE,NA
A. indica,roots,T. evansi,0.005mg/ml,0.005,40,0,FALSE,NA
A. indica,roots,T. evansi,Negative Control,NA,1,0,FALSE,NA
A. indica,roots,T. evansi,Negative Control,NA,2,0,FALSE,NA
A. indica,roots,T. evansi,Negative Control,NA,3,0,FALSE,NA
A. indica,roots,T. evansi,Negative Control,NA,4,0,FALSE,NA
A. indica,roots,T. evansi,Negative Control,NA,5,0,FALSE,NA
A. indica,roots,T. evansi,Negative Control,NA,6,0,FALSE,NA
A. indica,roots,T. evansi,Negative Control,NA,7,0,FALSE,NA
A. indica,roots,T. evansi,Negative Control,NA,8,0,FALSE,NA
A. indica,roots,T. evansi,Negative Control,NA,9,0,FALSE,NA
A. indica,roots,T. evansi,Negative Control,NA,10,0,FALSE,NA
A. indica,roots,T. evansi,Negative Control,NA,11,1.23,FALSE,NA
A. indica,roots,T. evansi,Negative Control,NA,12,1.63,FALSE,NA
A. indica,roots,T. evansi,Negative Control,NA,13,2.3,FALSE,NA
A. indica,roots,T. evansi,Negative Control,NA,14,3.71,FALSE,NA
A. indica,roots,T. evansi,Negative Control,NA,15,4.2,FALSE,NA
A. indica,roots,T. evansi,Negative Control,NA,16,4.46,FALSE,NA
A. indica,roots,T. evansi,Negative Control,NA,17,4.82,FALSE,NA
A. indica,roots,T. evansi,Negative Control,NA,18,5,FALSE,NA
A. indica,roots,T. evansi,Negative Control,NA,19,5,FALSE,NA
A. indica,roots,T. evansi,Negative Control,NA,20,NA,TRUE,NA
A. indica,roots,T. evansi,Negative Control,NA,21,NA,TRUE,NA
A. indica,roots,T. evansi,Negative Control,NA,22,NA,TRUE,NA
A. indica,roots,T. evansi,Negative Control,NA,23,NA,TRUE,NA
A. indica,roots,T. evansi,Negative Control,NA,24,NA,TRUE,NA
A. indica,roots,T. evansi,Negative Control,NA,25,NA,TRUE,NA
A. indica,roots,T. evansi,Negative Control,NA,26,NA,TRUE,NA
A. indica,roots,T. evansi,Negative Control,NA,27,NA,TRUE,NA
A. indica,roots,T. evansi,Negative Control,NA,28,NA,TRUE,NA
A. indica,roots,T. evansi,Negative Control,NA,29,NA,TRUE,NA
A. indica,roots,T. evansi,Negative Control,NA,30,NA,TRUE,NA
A. indica,roots,T. evansi,Negative Control,NA,31,NA,TRUE,NA
A. indica,roots,T. evansi,Negative Control,NA,32,NA,TRUE,NA
A. indica,roots,T. evansi,Negative Control,NA,33,NA,TRUE,NA
A. indica,roots,T. evansi,Negative Control,NA,34,NA,TRUE,NA
A. indica,roots,T. evansi,Negative Control,NA,35,NA,TRUE,NA
A. indica,roots,T. evansi,Negative Control,NA,36,NA,TRUE,NA
A. indica,roots,T. evansi,Negative Control,NA,37,NA,TRUE,NA
A. indica,roots,T. evansi,Negative Control,NA,38,NA,TRUE,NA
A. indica,roots,T. evansi,Negative Control,NA,39,NA,TRUE,NA
A. indica,roots,T. evansi,Negative Control,NA,40,NA,TRUE,NA
A. indica,roots,T. evansi,Positive Control,NA,1,0,FALSE,NA
A. indica,roots,T. evansi,Positive Control,NA,2,0,FALSE,NA
A. indica,roots,T. evansi,Positive Control,NA,3,0,FALSE,NA
A. indica,roots,T. evansi,Positive Control,NA,4,0,FALSE,NA
A. indica,roots,T. evansi,Positive Control,NA,5,0,FALSE,NA
A. indica,roots,T. evansi,Positive Control,NA,6,0,FALSE,NA
A. indica,roots,T. evansi,Positive Control,NA,7,0,FALSE,NA
A. indica,roots,T. evansi,Positive Control,NA,8,0,FALSE,NA
A. indica,roots,T. evansi,Positive Control,NA,9,0,FALSE,NA
A. indica,roots,T. evansi,Positive Control,NA,10,0,FALSE,NA
A. indica,roots,T. evansi,Positive Control,NA,11,0,FALSE,NA
A. indica,roots,T. evansi,Positive Control,NA,12,0,FALSE,NA
A. indica,roots,T. evansi,Positive Control,NA,13,0,FALSE,NA
A. indica,roots,T. evansi,Positive Control,NA,14,0,FALSE,NA
A. indica,roots,T. evansi,Positive Control,NA,15,0,FALSE,NA
A. indica,roots,T. evansi,Positive Control,NA,16,0,FALSE,NA
A. indica,roots,T. evansi,Positive Control,NA,17,0,FALSE,NA
A. indica,roots,T. evansi,Positive Control,NA,18,0,FALSE,NA
A. indica,roots,T. evansi,Positive Control,NA,19,0,FALSE,NA
A. indica,roots,T. evansi,Positive Control,NA,20,0,FALSE,NA
A. indica,roots,T. evansi,Positive Control,NA,21,0,FALSE,NA
A. indica,roots,T. evansi,Positive Control,NA,22,0,FALSE,NA
A. indica,roots,T. evansi,Positive Control,NA,23,0,FALSE,NA
A. indica,roots,T. evansi,Positive Control,NA,24,0,FALSE,NA
A. indica,roots,T. evansi,Positive Control,NA,25,0,FALSE,NA
A. indica,roots,T. evansi,Positive Control,NA,26,0,FALSE,NA
A. indica,roots,T. evansi,Positive Control,NA,27,0,FALSE,NA
A. indica,roots,T. evansi,Positive Control,NA,28,0,FALSE,NA
A. indica,roots,T. evansi,Positive Control,NA,29,0,FALSE,NA
A. indica,roots,T. evansi,Positive Control,NA,30,0,FALSE,NA
A. indica,roots,T. evansi,Positive Control,NA,31,0,FALSE,NA
A. indica,roots,T. evansi,Positive Control,NA,32,0,FALSE,NA
A. indica,roots,T. evansi,Positive Control,NA,33,0,FALSE,NA
A. indica,roots,T. evansi,Positive Control,NA,34,0,FALSE,NA
A. indica,roots,T. evansi,Positive Control,NA,35,0,FALSE,NA
A. indica,roots,T. evansi,Positive Control,NA,36,0,FALSE,NA
A. indica,roots,T. evansi,Positive Control,NA,37,0,FALSE,NA
A. indica,roots,T. evansi,Positive Control,NA,38,0,FALSE,NA
A. indica,roots,T. evansi,Positive Control,NA,39,0,FALSE,NA
A. indica,roots,T. evansi,Positive Control,NA,40,0,FALSE,NA
A. indica,stem bark,T. evansi,100mg/ml,100,1,0,FALSE,NA
A. indica,stem bark,T. evansi,100mg/ml,100,2,0,FALSE,NA
A. indica,stem bark,T. evansi,100mg/ml,100,3,0,FALSE,NA
A. indica,stem bark,T. evansi,100mg/ml,100,4,0,FALSE,NA
A. indica,stem bark,T. evansi,100mg/ml,100,5,0,FALSE,NA
A. indica,stem bark,T. evansi,100mg/ml,100,6,0,FALSE,NA
A. indica,stem bark,T. evansi,100mg/ml,100,7,0,FALSE,NA
A. indica,stem bark,T. evansi,100mg/ml,100,8,0,FALSE,NA
A. indica,stem bark,T. evansi,100mg/ml,100,9,0,FALSE,NA
A. indica,stem bark,T. evansi,100mg/ml,100,10,0,FALSE,NA
A. indica,stem bark,T. evansi,100mg/ml,100,11,0,FALSE,NA
A. indica,stem bark,T. evansi,100mg/ml,100,12,0,FALSE,NA
A. indica,stem bark,T. evansi,100mg/ml,100,13,0,FALSE,NA
A. indica,stem bark,T. evansi,100mg/ml,100,14,0,FALSE,NA
A. indica,stem bark,T. evansi,100mg/ml,100,15,0,FALSE,NA
A. indica,stem bark,T. evansi,100mg/ml,100,16,0,FALSE,NA
A. indica,stem bark,T. evansi,100mg/ml,100,17,0,FALSE,NA
A. indica,stem bark,T. evansi,100mg/ml,100,18,0,FALSE,NA
A. indica,stem bark,T. evansi,100mg/ml,100,19,0,FALSE,NA
A. indica,stem bark,T. evansi,100mg/ml,100,20,0,FALSE,NA
A. indica,stem bark,T. evansi,100mg/ml,100,21,0,FALSE,NA
A. indica,stem bark,T. evansi,100mg/ml,100,22,0,FALSE,NA
A. indica,stem bark,T. evansi,100mg/ml,100,23,0,FALSE,NA
A. indica,stem bark,T. evansi,100mg/ml,100,24,0,FALSE,NA
A. indica,stem bark,T. evansi,100mg/ml,100,25,0,FALSE,NA
A. indica,stem bark,T. evansi,100mg/ml,100,26,0,FALSE,NA
A. indica,stem bark,T. evansi,100mg/ml,100,27,0,FALSE,NA
A. indica,stem bark,T. evansi,100mg/ml,100,28,0,FALSE,NA
A. indica,stem bark,T. evansi,100mg/ml,100,29,0,FALSE,NA
A. indica,stem bark,T. evansi,100mg/ml,100,30,0,FALSE,NA
A. indica,stem bark,T. evansi,100mg/ml,100,31,0,FALSE,NA
A. indica,stem bark,T. evansi,100mg/ml,100,32,0,FALSE,NA
A. indica,stem bark,T. evansi,100mg/ml,100,33,0,FALSE,NA
A. indica,stem bark,T. evansi,100mg/ml,100,34,0,FALSE,NA
A. indica,stem bark,T. evansi,100mg/ml,100,35,0,FALSE,NA
A. indica,stem bark,T. evansi,100mg/ml,100,36,0,FALSE,NA
A. indica,stem bark,T. evansi,100mg/ml,100,37,0,FALSE,NA
A. indica,stem bark,T. evansi,100mg/ml,100,38,0,FALSE,NA
A. indica,stem bark,T. evansi,100mg/ml,100,39,0,FALSE,NA
A. indica,stem bark,T. evansi,100mg/ml,100,40,0,FALSE,NA
A. indica,stem bark,T. evansi,10mg/ml,10,1,0,FALSE,NA
A. indica,stem bark,T. evansi,10mg/ml,10,2,0,FALSE,NA
A. indica,stem bark,T. evansi,10mg/ml,10,3,0,FALSE,NA
A. indica,stem bark,T. evansi,10mg/ml,10,4,0,FALSE,NA
A. indica,stem bark,T. evansi,10mg/ml,10,5,0,FALSE,NA
A. indica,stem bark,T. evansi,10mg/ml,10,6,0,FALSE,NA
A. indica,stem bark,T. evansi,10mg/ml,10,7,0,FALSE,NA
A. indica,stem bark,T. evansi,10mg/ml,10,8,0,FALSE,NA
A. indica,stem bark,T. evansi,10mg/ml,10,9,0,FALSE,NA
A. indica,stem bark,T. evansi,10mg/ml,10,10,0,FALSE,NA
A. indica,stem bark,T. evansi,10mg/ml,10,11,0,FALSE,NA
A. indica,stem bark,T. evansi,10mg/ml,10,12,0,FALSE,NA
A. indica,stem bark,T. evansi,10mg/ml,10,13,0,FALSE,NA
A. indica,stem bark,T. evansi,10mg/ml,10,14,0,FALSE,NA
A. indica,stem bark,T. evansi,10mg/ml,10,15,0,FALSE,NA
A. indica,stem bark,T. evansi,10mg/ml,10,16,0,FALSE,NA
A. indica,stem bark,T. evansi,10mg/ml,10,17,0,FALSE,NA
A. indica,stem bark,T. evansi,10mg/ml,10,18,0,FALSE,NA
A. indica,stem bark,T. evansi,10mg/ml,10,19,0,FALSE,NA
A. indica,stem bark,T. evansi,10mg/ml,10,20,0,FALSE,NA
A. indica,stem bark,T. evansi,10mg/ml,10,21,0,FALSE,NA
A. indica,stem bark,T. evansi,10mg/ml,10,22,0,FALSE,NA
A. indica,stem bark,T. evansi,10mg/ml,10,23,0,FALSE,NA
A. indica,stem bark,T. evansi,10mg/ml,10,24,0,FALSE,NA
A. indica,stem bark,T. evansi,10mg/ml,10,25,0,FALSE,NA
A. indica,stem bark,T. evansi,10mg/ml,10,26,0,FALSE,NA
A. indica,stem bark,T. evansi,10mg/ml,10,27,0,FALSE,NA
A. indica,stem bark,T. evansi,10mg/ml,10,28,0,FALSE,NA
A. indica,stem bark,T. evansi,10mg/ml,10,29,0,FALSE,NA
A. indica,stem bark,T. evansi,10mg/ml,10,30,0,FALSE,NA
A. indica,stem bark,T. evansi,10mg/ml,10,31,0,FALSE,NA
A. indica,stem bark,T. evansi,10mg/ml,10,32,0,FALSE,NA
A. indica,stem bark,T. evansi,10mg/ml,10,33,0,FALSE,NA
A. indica,stem bark,T. evansi,10mg/ml,10,34,0,FALSE,NA
A. indica,stem bark,T. evansi,10mg/ml,10,35,0,FALSE,NA
A. indica,stem bark,T. evansi,10mg/ml,10,36,0,FALSE,NA
A. indica,stem bark,T. evansi,10mg/ml,10,37,0,FALSE,NA
A. indica,stem bark,T. evansi,10mg/ml,10,38,0,FALSE,NA
A. indica,stem bark,T. evansi,10mg/ml,10,39,0,FALSE,NA
A. indica,stem bark,T. evansi,10mg/ml,10,40,0,FALSE,NA
A. indica,stem bark,T. evansi,0.5mg/ml,0.5,1,0,FALSE,NA
A. indica,stem bark,T. evansi,0.5mg/ml,0.5,2,0,FALSE,NA
A. indica,stem bark,T. evansi,0.5mg/ml,0.5,3,0,FALSE,NA
A. indica,stem bark,T. evansi,0.5mg/ml,0.5,4,0,FALSE,NA
A. indica,stem bark,T. evansi,0.5mg/ml,0.5,5,0,FALSE,NA
A. indica,stem bark,T. evansi,0.5mg/ml,0.5,6,0,FALSE,NA
A. indica,stem bark,T. evansi,0.5mg/ml,0.5,7,0,FALSE,NA
A. indica,stem bark,T. evansi,0.5mg/ml,0.5,8,0,FALSE,NA
A. indica,stem bark,T. evansi,0.5mg/ml,0.5,9,0,FALSE,NA
A. indica,stem bark,T. evansi,0.5mg/ml,0.5,10,0,FALSE,NA
A. indica,stem bark,T. evansi,0.5mg/ml,0.5,11,0,FALSE,NA
A. indica,stem bark,T. evansi,0.5mg/ml,0.5,12,0,FALSE,NA
A. indica,stem bark,T. evansi,0.5mg/ml,0.5,13,0,FALSE,NA
A. indica,stem bark,T. evansi,0.5mg/ml,0.5,14,0,FALSE,NA
A. indica,stem bark,T. evansi,0.5mg/ml,0.5,15,0,FALSE,NA
A. indica,stem bark,T. evansi,0.5mg/ml,0.5,16,0,FALSE,NA
A. indica,stem bark,T. evansi,0.5mg/ml,0.5,17,0,FALSE,NA
A. indica,stem bark,T. evansi,0.5mg/ml,0.5,18,0,FALSE,NA
A. indica,stem bark,T. evansi,0.5mg/ml,0.5,19,0,FALSE,NA
A. indica,stem bark,T. evansi,0.5mg/ml,0.5,20,0,FALSE,NA
A. indica,stem bark,T. evansi,0.5mg/ml,0.5,21,0,FALSE,NA
A. indica,stem bark,T. evansi,0.5mg/ml,0.5,22,0,FALSE,NA
A. indica,stem bark,T. evansi,0.5mg/ml,0.5,23,0,FALSE,NA
A. indica,stem bark,T. evansi,0.5mg/ml,0.5,24,0,FALSE,NA
A. indica,stem bark,T. evansi,0.5mg/ml,0.5,25,0,FALSE,NA
A. indica,stem bark,T. evansi,0.5mg/ml,0.5,26,0,FALSE,NA
A. indica,stem bark,T. evansi,0.5mg/ml,0.5,27,0,FALSE,NA
A. indica,stem bark,T. evansi,0.5mg/ml,0.5,28,0,FALSE,NA
A. indica,stem bark,T. evansi,0.5mg/ml,0.5,29,0,FALSE,NA
A. indica,stem bark,T. evansi,0.5mg/ml,0.5,30,0,FALSE,NA
A. indica,stem bark,T. evansi,0.5mg/ml,0.5,31,0,FALSE,NA
A. indica,stem bark,T. evansi,0.5mg/ml,0.5,32,0,FALSE,NA
A. indica,stem bark,T. evansi,0.5mg/ml,0.5,33,0,FALSE,NA
A. indica,stem bark,T. evansi,0.5mg/ml,0.5,34,0,FALSE,NA
A. indica,stem bark,T. evansi,0.5mg/ml,0.5,35,0,FALSE,NA
A. indica,stem bark,T. evansi,0.5mg/ml,0.5,36,0,FALSE,NA
A. indica,stem bark,T. evansi,0.5mg/ml,0.5,37,0,FALSE,NA
A. indica,stem bark,T. evansi,0.5mg/ml,0.5,38,0,FALSE,NA
A. indica,stem bark,T. evansi,0.5mg/ml,0.5,39,0,FALSE,NA
A. indica,stem bark,T. evansi,0.5mg/ml,0.5,40,0,FALSE,NA
A. indica,stem bark,T. evansi,0.01mg/ml,0.01,1,0,FALSE,NA
A. indica,stem bark,T. evansi,0.01mg/ml,0.01,2,0,FALSE,NA
A. indica,stem bark,T. evansi,0.01mg/ml,0.01,3,0,FALSE,NA
A. indica,stem bark,T. evansi,0.01mg/ml,0.01,4,0,FALSE,NA
A. indica,stem bark,T. evansi,0.01mg/ml,0.01,5,0,FALSE,NA
A. indica,stem bark,T. evansi,0.01mg/ml,0.01,6,0,FALSE,NA
A. indica,stem bark,T. evansi,0.01mg/ml,0.01,7,0,FALSE,NA
A. indica,stem bark,T. evansi,0.01mg/ml,0.01,8,0,FALSE,NA
A. indica,stem bark,T. evansi,0.01mg/ml,0.01,9,0,FALSE,NA
A. indica,stem bark,T. evansi,0.01mg/ml,0.01,10,0,FALSE,NA
A. indica,stem bark,T. evansi,0.01mg/ml,0.01,11,0,FALSE,NA
A. indica,stem bark,T. evansi,0.01mg/ml,0.01,12,0,FALSE,NA
A. indica,stem bark,T. evansi,0.01mg/ml,0.01,13,0,FALSE,NA
A. indica,stem bark,T. evansi,0.01mg/ml,0.01,14,0,FALSE,NA
A. indica,stem bark,T. evansi,0.01mg/ml,0.01,15,0,FALSE,NA
A. indica,stem bark,T. evansi,0.01mg/ml,0.01,16,0,FALSE,NA
A. indica,stem bark,T. evansi,0.01mg/ml,0.01,17,0,FALSE,NA
A. indica,stem bark,T. evansi,0.01mg/ml,0.01,18,0,FALSE,NA
A. indica,stem bark,T. evansi,0.01mg/ml,0.01,19,0,FALSE,NA
A. indica,stem bark,T. evansi,0.01mg/ml,0.01,20,0,FALSE,NA
A. indica,stem bark,T. evansi,0.01mg/ml,0.01,21,0,FALSE,NA
A. indica,stem bark,T. evansi,0.01mg/ml,0.01,22,0,FALSE,NA
A. indica,stem bark,T. evansi,0.01mg/ml,0.01,23,0,FALSE,NA
A. indica,stem bark,T. evansi,0.01mg/ml,0.01,24,0,FALSE,NA
A. indica,stem bark,T. evansi,0.01mg/ml,0.01,25,0,FALSE,NA
A. indica,stem bark,T. evansi,0.01mg/ml,0.01,26,0,FALSE,NA
A. indica,stem bark,T. evansi,0.01mg/ml,0.01,27,1.84,FALSE,NA
A. indica,stem bark,T. evansi,0.01mg/ml,0.01,28,2.9,FALSE,NA
A. indica,stem bark,T. evansi,0.01mg/ml,0.01,29,3.0267,FALSE,NA
A. indica,stem bark,T. evansi,0.01mg/ml,0.01,30,2,FALSE,NA
A. indica,stem bark,T. evansi,0.01mg/ml,0.01,31,3.1,FALSE,NA
A. indica,stem bark,T. evansi,0.01mg/ml,0.01,32,2.767,FALSE,NA
A. indica,stem bark,T. evansi,0.01mg/ml,0.01,33,1.74,FALSE,NA
A. indica,stem bark,T. evansi,0.01mg/ml,0.01,34,2,FALSE,NA
A. indica,stem bark,T. evansi,0.01mg/ml,0.01,35,3.74,FALSE,NA
A. indica,stem bark,T. evansi,0.01mg/ml,0.01,36,3.39,FALSE,NA
A. indica,stem bark,T. evansi,0.01mg/ml,0.01,37,NA,TRUE,NA
A. indica,stem bark,T. evansi,0.01mg/ml,0.01,38,NA,TRUE,NA
A. indica,stem bark,T. evansi,0.01mg/ml,0.01,39,NA,TRUE,NA
A. indica,stem bark,T. evansi,0.01mg/ml,0.01,40,NA,TRUE,NA
A. indica,stem bark,T. evansi,0.005mg/ml,0.005,1,0,FALSE,NA
A. indica,stem bark,T. evansi,0.005mg/ml,0.005,2,0,FALSE,NA
A. indica,stem bark,T. evansi,0.005mg/ml,0.005,3,0,FALSE,NA
A. indica,stem bark,T. evansi,0.005mg/ml,0.005,4,0,FALSE,NA
A. indica,stem bark,T. evansi,0.005mg/ml,0.005,5,0,FALSE,NA
A. indica,stem bark,T. evansi,0.005mg/ml,0.005,6,0,FALSE,NA
A. indica,stem bark,T. evansi,0.005mg/ml,0.005,7,0,FALSE,NA
A. indica,stem bark,T. evansi,0.005mg/ml,0.005,8,0,FALSE,NA
A. indica,stem bark,T. evansi,0.005mg/ml,0.005,9,0,FALSE,NA
A. indica,stem bark,T. evansi,0.005mg/ml,0.005,10,0,FALSE,NA
A. indica,stem bark,T. evansi,0.005mg/ml,0.005,11,0,FALSE,NA
A. indica,stem bark,T. evansi,0.005mg/ml,0.005,12,0,FALSE,NA
A. indica,stem bark,T. evansi,0.005mg/ml,0.005,13,0,FALSE,NA
A. indica,stem bark,T. evansi,0.005mg/ml,0.005,14,0,FALSE,NA
A. indica,stem bark,T. evansi,0.005mg/ml,0.005,15,0,FALSE,NA
A. indica,stem bark,T. evansi,0.005mg/ml,0.005,16,0,FALSE,NA
A. indica,stem bark,T. evansi,0.005mg/ml,0.005,17,0,FALSE,NA
A. indica,stem bark,T. evansi,0.005mg/ml,0.005,18,0,FALSE,NA
A. indica,stem bark,T. evansi,0.005mg/ml,0.005,19,0,FALSE,NA
A. indica,stem bark,T. evansi,0.005mg/ml,0.005,20,0,FALSE,NA
A. indica,stem bark,T. evansi,0.005mg/ml,0.005,21,0,FALSE,NA
A. indica,stem bark,T. evansi,0.005mg/ml,0.005,22,0,FALSE,NA
A. indica,stem bark,T. evansi,0.005mg/ml,0.005,23,0,FALSE,NA
A. indica,stem bark,T. evansi,0.005mg/ml,0.005,24,0,FALSE,NA
A. indica,stem bark,T. evansi,0.005mg/ml,0.005,25,0,FALSE,NA
A. indica,stem bark,T. evansi,0.005mg/ml,0.005,26,0,FALSE,NA
A. indica,stem bark,T. evansi,0.005mg/ml,0.005,27,1.54,FALSE,NA
A. indica,stem bark,T. evansi,0.005mg/ml,0.005,28,2.5067,FALSE,NA
A. indica,stem bark,T. evansi,0.005mg/ml,0.005,29,3.46,FALSE,NA
A. indica,stem bark,T. evansi,0.005mg/ml,0.005,30,4.193,FALSE,NA
A. indica,stem bark,T. evansi,0.005mg/ml,0.005,31,4.72,FALSE,NA
A. indica,stem bark,T. evansi,0.005mg/ml,0.005,32,4.63,FALSE,NA
A. indica,stem bark,T. evansi,0.005mg/ml,0.005,33,5,FALSE,NA
A. indica,stem bark,T. evansi,0.005mg/ml,0.005,34,5,FALSE,NA
A. indica,stem bark,T. evansi,0.005mg/ml,0.005,35,5,FALSE,NA
A. indica,stem bark,T. evansi,0.005mg/ml,0.005,36,NA,TRUE,NA
A. indica,stem bark,T. evansi,0.005mg/ml,0.005,37,NA,TRUE,NA
A. indica,stem bark,T. evansi,0.005mg/ml,0.005,38,NA,TRUE,NA
A. indica,stem bark,T. evansi,0.005mg/ml,0.005,39,NA,TRUE,NA
A. indica,stem bark,T. evansi,0.005mg/ml,0.005,40,NA,TRUE,NA
A. indica,stem bark,T. evansi,Negative Control,NA,1,0,FALSE,NA
A. indica,stem bark,T. evansi,Negative Control,NA,2,0,FALSE,NA
A. indica,stem bark,T. evansi,Negative Control,NA,3,0,FALSE,NA
A. indica,stem bark,T. evansi,Negative Control,NA,4,0,FALSE,NA
A. indica,stem bark,T. evansi,Negative Control,NA,5,0,FALSE,NA
A. indica,stem bark,T. evansi,Negative Control,NA,6,0,FALSE,NA
A. indica,stem bark,T. evansi,Negative Control,NA,7,2.767,FALSE,NA
A. indica,stem bark,T. evansi,Negative Control,NA,8,4.42,FALSE,NA
A. indica,stem bark,T. evansi,Negative Control,NA,9,4.67,FALSE,NA
A. indica,stem bark,T. evansi,Negative Control,NA,10,4.88,FALSE,NA
A. indica,stem bark,T. evansi,Negative Control,NA,11,4.97,FALSE,NA
A. indica,stem bark,T. evansi,Negative Control,NA,12,5,FALSE,NA
A. indica,stem bark,T. evansi,Negative Control,NA,13,5,FALSE,NA
A. indica,stem bark,T. evansi,Negative Control,NA,14,NA,TRUE,NA
A. indica,stem bark,T. evansi,Negative Control,NA,15,NA,TRUE,NA
A. indica,stem bark,T. evansi,Negative Control,NA,16,NA,TRUE,NA
A. indica,stem bark,T. evansi,Negative Control,NA,17,NA,TRUE,NA
A. indica,stem bark,T. evansi,Negative Control,NA,18,NA,TRUE,NA
A. indica,stem bark,T. evansi,Negative Control,NA,19,NA,TRUE,NA
A. indica,stem bark,T. evansi,Negative Control,NA,20,NA,TRUE,NA
A. indica,stem bark,T. evansi,Negative Control,NA,21,NA,TRUE,NA
A. indica,stem bark,T. evansi,Negative Control,NA,22,NA,TRUE,NA
A. indica,stem bark,T. evansi,Negative Control,NA,23,NA,TRUE,NA
A. indica,stem bark,T. evansi,Negative Control,NA,24,NA,TRUE,NA
A. indica,stem bark,T. evansi,Negative Control,NA,25,NA,TRUE,NA
A. indica,stem bark,T. evansi,Negative Control,NA,26,NA,TRUE,NA
A. indica,stem bark,T. evansi,Negative Control,NA,27,NA,TRUE,NA
A. indica,stem bark,T. evansi,Negative Control,NA,28,NA,TRUE,NA
A. indica,stem bark,T. evansi,Negative Control,NA,29,NA,TRUE,NA
A. indica,stem bark,T. evansi,Negative Control,NA,30,NA,TRUE,NA
A. indica,stem bark,T. evansi,Negative Control,NA,31,NA,TRUE,NA
A. indica,stem bark,T. evansi,Negative Control,NA,32,NA,TRUE,NA
A. indica,stem bark,T. evansi,Negative Control,NA,33,NA,TRUE,NA
A. indica,stem bark,T. evansi,Negative Control,NA,34,NA,TRUE,NA
A. indica,stem bark,T. evansi,Negative Control,NA,35,NA,TRUE,NA
A. indica,stem bark,T. evansi,Negative Control,NA,36,NA,TRUE,NA
A. indica,stem bark,T. evansi,Negative Control,NA,37,NA,TRUE,NA
A. indica,stem bark,T. evansi,Negative Control,NA,38,NA,TRUE,NA
A. indica,stem bark,T. evansi,Negative Control,NA,39,NA,TRUE,NA
A. indica,stem bark,T. evansi,Negative Control,NA,40,NA,TRUE,NA
A. indica,stem bark,T. evansi,Positive Control,NA,1,0,FALSE,NA
A. indica,stem bark,T. evansi,Positive Control,NA,2,0,FALSE,NA
A. indica,stem bark,T. evansi,Positive Control,NA,3,0,FALSE,NA
A. indica,stem bark,T. evansi,Positive Control,NA,4,0,FALSE,NA
A. indica,stem bark,T. evansi,Positive Control,NA,5,0,FALSE,NA
A. indica,stem bark,T. evansi,Positive Control,NA,6,0,FALSE,NA
A. indica,stem bark,T. evansi,Positive Control,NA,7,0,FALSE,NA
A. indica,stem bark,T. evansi,Positive Control,NA,8,0,FALSE,NA
A. indica,stem bark,T. evansi,Positive Control,NA,9,0,FALSE,NA
A. indica,stem bark,T. evansi,Positive Control,NA,10,0,FALSE,NA
A. indica,stem bark,T. evansi,Positive Control,NA,11,0,FALSE,NA
A. indica,stem bark,T. evansi,Positive Control,NA,12,0,FALSE,NA
A. indica,stem bark,T. evansi,Positive Control,NA,13,0,FALSE,NA
A. indica,stem bark,T. evansi,Positive Control,NA,14,0,FALSE,NA
A. indica,stem bark,T. evansi,Positive Control,NA,15,0,FALSE,NA
A. indica,stem bark,T. evansi,Positive Control,NA,16,0,FALSE,NA
A. indica,stem bark,T. evansi,Positive Control,NA,17,0,FALSE,NA
A. indica,stem bark,T. evansi,Positive Control,NA,18,0,FALSE,NA
A. indica,stem bark,T. evansi,Positive Control,NA,19,0,FALSE,NA
A. indica,stem bark,T. evansi,Positive Control,NA,20,0,FALSE,NA
A. indica,stem bark,T. evansi,Positive Control,NA,21,0,FALSE,NA
A. indica,stem bark,T. evansi,Positive Control,NA,22,0,FALSE,NA
A. indica,stem bark,T. evansi,Positive Control,NA,23,0,FALSE,NA
A. indica,stem bark,T. evansi,Positive Control,NA,24,0,FALSE,NA
A. indica,stem bark,T. evansi,Positive Control,NA,25,0,FALSE,NA
A. indica,stem bark,T. evansi,Positive Control,NA,26,0,FALSE,NA
A. indica,stem bark,T. evansi,Positive Control,NA,27,0,FALSE,NA
A. indica,stem bark,T. evansi,Positive Control,NA,28,0,FALSE,NA
A. indica,stem bark,T. evansi,Positive Control,NA,29,0,FALSE,NA
A. indica,stem bark,T. evansi,Positive Control,NA,30,0,FALSE,NA
A. indica,stem bark,T. evansi,Positive Control,NA,31,0,FALSE,NA
A. indica,stem bark,T. evansi,Positive Control,NA,32,0,FALSE,NA
A. indica,stem bark,T. evansi,Positive Control,NA,33,0,FALSE,NA
A. indica,stem bark,T. evansi,Positive Control,NA,34,0,FALSE,NA
A. indica,stem bark,T. evansi,Positive Control,NA,35,0,FALSE,NA
A. indica,stem bark,T. evansi,Positive Control,NA,36,0,FALSE,NA
A. indica,stem bark,T. evansi,Positive Control,NA,37,0,FALSE,NA
A. indica,stem bark,T. evansi,Positive Control,NA,38,0,FALSE,NA
A. indica,stem bark,T. evansi,Positive Control,NA,39,0,FALSE,NA
A. indica,stem bark,T. evansi,Positive Control,NA,40,0,FALSE,NA
A. indica,leaves,T. evansi,100mg/ml,100,1,0,FALSE,NA
A. indica,leaves,T. evansi,100mg/ml,100,2,0,FALSE,NA
A. indica,leaves,T. evansi,100mg/ml,100,3,0,FALSE,NA
A. indica,leaves,T. evansi,100mg/ml,100,4,0,FALSE,NA
A. indica,leaves,T. evansi,100mg/ml,100,5,0,FALSE,NA
A. indica,leaves,T. evansi,100mg/ml,100,6,0,FALSE,NA
A. indica,leaves,T. evansi,100mg/ml,100,7,0,FALSE,NA
A. indica,leaves,T. evansi,100mg/ml,100,8,0,FALSE,NA
A. indica,leaves,T. evansi,100mg/ml,100,9,0,FALSE,NA
A. indica,leaves,T. evansi,100mg/ml,100,10,0,FALSE,NA
A. indica,leaves,T. evansi,100mg/ml,100,11,0,FALSE,NA
A. indica,leaves,T. evansi,100mg/ml,100,12,0,FALSE,NA
A. indica,leaves,T. evansi,100mg/ml,100,13,0,FALSE,NA
A. indica,leaves,T. evansi,100mg/ml,100,14,0,FALSE,NA
A. indica,leaves,T. evansi,100mg/ml,100,15,0,FALSE,NA
A. indica,leaves,T. evansi,100mg/ml,100,16,0,FALSE,NA
A. indica,leaves,T. evansi,100mg/ml,100,17,0,FALSE,NA
A. indica,leaves,T. evansi,100mg/ml,100,18,0,FALSE,NA
A. indica,leaves,T. evansi,100mg/ml,100,19,0,FALSE,NA
A. indica,leaves,T. evansi,100mg/ml,100,20,0,FALSE,NA
A. indica,leaves,T. evansi,100mg/ml,100,21,0,FALSE,NA
A. indica,leaves,T. evansi,100mg/ml,100,22,0,FALSE,NA
A. indica,leaves,T. evansi,100mg/ml,100,23,0,FALSE,NA
A. indica,leaves,T. evansi,100mg/ml,100,24,0,FALSE,NA
A. indica,leaves,T. evansi,100mg/ml,100,25,0,FALSE,NA
A. indica,leaves,T. evansi,100mg/ml,100,26,0,FALSE,NA
A. indica,leaves,T. evansi,100mg/ml,100,27,0,FALSE,NA
A. indica,leaves,T. evansi,100mg/ml,100,28,0,FALSE,NA
A. indica,leaves,T. evansi,100mg/ml,100,29,0,FALSE,NA
A. indica,leaves,T. evansi,100mg/ml,100,30,0,FALSE,NA
A. indica,leaves,T. evansi,100mg/ml,100,31,0,FALSE,NA
A. indica,leaves,T. evansi,100mg/ml,100,32,0,FALSE,NA
A. indica,leaves,T. evansi,100mg/ml,100,33,0,FALSE,NA
A. indica,leaves,T. evansi,100mg/ml,100,34,0,FALSE,NA
A. indica,leaves,T. evansi,100mg/ml,100,35,0,FALSE,NA
A. indica,leaves,T. evansi,100mg/ml,100,36,0,FALSE,NA
A. indica,leaves,T. evansi,100mg/ml,100,37,0,FALSE,NA
A. indica,leaves,T. evansi,100mg/ml,100,38,0,FALSE,NA
A. indica,leaves,T. evansi,100mg/ml,100,39,0,FALSE,NA
A. indica,leaves,T. evansi,100mg/ml,100,40,0,FALSE,NA
A. indica,leaves,T. evansi,10mg/ml,10,1,0,FALSE,NA
A. indica,leaves,T. evansi,10mg/ml,10,2,0,FALSE,NA
A. indica,leaves,T. evansi,10mg/ml,10,3,0,FALSE,NA
A. indica,leaves,T. evansi,10mg/ml,10,4,0,FALSE,NA
A. indica,leaves,T. evansi,10mg/ml,10,5,0,FALSE,NA
A. indica,leaves,T. evansi,10mg/ml,10,6,0,FALSE,NA
A. indica,leaves,T. evansi,10mg/ml,10,7,0,FALSE,NA
A. indica,leaves,T. evansi,10mg/ml,10,8,0,FALSE,NA
A. indica,leaves,T. evansi,10mg/ml,10,9,0,FALSE,NA
A. indica,leaves,T. evansi,10mg/ml,10,10,0,FALSE,NA
A. indica,leaves,T. evansi,10mg/ml,10,11,0,FALSE,NA
A. indica,leaves,T. evansi,10mg/ml,10,12,0,FALSE,NA
A. indica,leaves,T. evansi,10mg/ml,10,13,0,FALSE,NA
A. indica,leaves,T. evansi,10mg/ml,10,14,0,FALSE,NA
A. indica,leaves,T. evansi,10mg/ml,10,15,0,FALSE,NA
A. indica,leaves,T. evansi,10mg/ml,10,16,0,FALSE,NA
A. indica,leaves,T. evansi,10mg/ml,10,17,0,FALSE,NA
A. indica,leaves,T. evansi,10mg/ml,10,18,0,FALSE,NA
A. indica,leaves,T. evansi,10mg/ml,10,19,0,FALSE,NA
A. indica,leaves,T. evansi,10mg/ml,10,20,0,FALSE,NA
A. indica,leaves,T. evansi,10mg/ml,10,21,0,FALSE,NA
A. indica,leaves,T. evansi,10mg/ml,10,22,0,FALSE,NA
A. indica,leaves,T. evansi,10mg/ml,10,23,0,FALSE,NA
A. indica,leaves,T. evansi,10mg/ml,10,24,0,FALSE,NA
A. indica,leaves,T. evansi,10mg/ml,10,25,0,FALSE,NA
A. indica,leaves,T. evansi,10mg/ml,10,26,0,FALSE,NA
A. indica,leaves,T. evansi,10mg/ml,10,27,0,FALSE,NA
A. indica,leaves,T. evansi,10mg/ml,10,28,0,FALSE,NA
A. indica,leaves,T. evansi,10mg/ml,10,29,0,FALSE,NA
A. indica,leaves,T. evansi,10mg/ml,10,30,0,FALSE,NA
A. indica,leaves,T. evansi,10mg/ml,10,31,0,FALSE,NA
A. indica,leaves,T. evansi,10mg/ml,10,32,0,FALSE,NA
A. indica,leaves,T. evansi,10mg/ml,10,33,0,FALSE,NA
A. indica,leaves,T. evansi,10mg/ml,10,34,0,FALSE,NA
A. indica,leaves,T. evansi,10mg/ml,10,35,0,FALSE,NA
A. indica,leaves,T. evansi,10mg/ml,10,36,0,FALSE,NA
A. indica,leaves,T. evansi,10mg/ml,10,37,0,FALSE,NA
A. indica,leaves,T. evansi,10mg/ml,10,38,0,FALSE,NA
A. indica,leaves,T. evansi,10mg/ml,10,39,0,FALSE,NA
A. indica,leaves,T. evansi,10mg/ml,10,40,0,FALSE,NA
A. indica,leaves,T. evansi,0.5mg/ml,0.5,1,0,FALSE,NA
A. indica,leaves,T. evansi,0.5mg/ml,0.5,2,0,FALSE,NA
A. indica,leaves,T. evansi,0.5mg/ml,0.5,3,0,FALSE,NA
A. indica,leaves,T. evansi,0.5mg/ml,0.5,4,0,FALSE,NA
A. indica,leaves,T. evansi,0.5mg/ml,0.5,5,0,FALSE,NA
A. indica,leaves,T. evansi,0.5mg/ml,0.5,6,0,FALSE,NA
A. indica,leaves,T. evansi,0.5mg/ml,0.5,7,0,FALSE,NA
A. indica,leaves,T. evansi,0.5mg/ml,0.5,8,0,FALSE,NA
A. indica,leaves,T. evansi,0.5mg/ml,0.5,9,0,FALSE,NA
A. indica,leaves,T. evansi,0.5mg/ml,0.5,10,0,FALSE,NA
A. indica,leaves,T. evansi,0.5mg/ml,0.5,11,0,FALSE,NA
A. indica,leaves,T. evansi,0.5mg/ml,0.5,12,0,FALSE,NA
A. indica,leaves,T. evansi,0.5mg/ml,0.5,13,0,FALSE,NA
A. indica,leaves,T. evansi,0.5mg/ml,0.5,14,0,FALSE,NA
A. indica,leaves,T. evansi,0.5mg/ml,0.5,15,0,FALSE,NA
A. indica,leaves,T. evansi,0.5mg/ml,0.5,16,0,FALSE,NA
A. indica,leaves,T. evansi,0.5mg/ml,0.5,17,0,FALSE,NA
A. indica,leaves,T. evansi,0.5mg/ml,0.5,18,0,FALSE,NA
A. indica,leaves,T. evansi,0.5mg/ml,0.5,19,0,FALSE,NA
A. indica,leaves,T. evansi,0.5mg/ml,0.5,20,0,FALSE,NA
A. indica,leaves,T. evansi,0.5mg/ml,0.5,21,0,FALSE,NA
A. indica,leaves,T. evansi,0.5mg/ml,0.5,22,0,FALSE,NA
A. indica,leaves,T. evansi,0.5mg/ml,0.5,23,0,FALSE,NA
A. indica,leaves,T. evansi,0.5mg/ml,0.5,24,0,FALSE,NA
A. indica,leaves,T. evansi,0.5mg/ml,0.5,25,0,FALSE,NA
A. indica,leaves,T. evansi,0.5mg/ml,0.5,26,0,FALSE,NA
A. indica,leaves,T. evansi,0.5mg/ml,0.5,27,0,FALSE,NA
A. indica,leaves,T. evansi,0.5mg/ml,0.5,28,0,FALSE,NA
A. indica,leaves,T. evansi,0.5mg/ml,0.5,29,0,FALSE,NA
A. indica,leaves,T. evansi,0.5mg/ml,0.5,30,0,FALSE,NA
A. indica,leaves,T. evansi,0.5mg/ml,0.5,31,0,FALSE,NA
A. indica,leaves,T. evansi,0.5mg/ml,0.5,32,0,FALSE,NA
A. indica,leaves,T. evansi,0.5mg/ml,0.5,33,0,FALSE,NA
A. indica,leaves,T. evansi,0.5mg/ml,0.5,34,0,FALSE,NA
A. indica,leaves,T. evansi,0.5mg/ml,0.5,35,0,FALSE,NA
A. indica,leaves,T. evansi,0.5mg/ml,0.5,36,0,FALSE,NA
A. indica,leaves,T. evansi,0.5mg/ml,0.5,37,0,FALSE,NA
A. indica,leaves,T. evansi,0.5mg/ml,0.5,38,0,FALSE,NA
A. indica,leaves,T. evansi,0.5mg/ml,0.5,39,0,FALSE,NA
A. indica,leaves,T. evansi,0.5mg/ml,0.5,40,0,FALSE,NA
A. indica,leaves,T. evansi,0.01mg/ml,0.01,1,0,FALSE,NA
A. indica,leaves,T. evansi,0.01mg/ml,0.01,2,0,FALSE,NA
A. indica,leaves,T. evansi,0.01mg/ml,0.01,3,0,FALSE,NA
A. indica,leaves,T. evansi,0.01mg/ml,0.01,4,0,FALSE,NA
A. indica,leaves,T. evansi,0.01mg/ml,0.01,5,0,FALSE,NA
A. indica,leaves,T. evansi,0.01mg/ml,0.01,6,0,FALSE,NA
A. indica,leaves,T. evansi,0.01mg/ml,0.01,7,0,FALSE,NA
A. indica,leaves,T. evansi,0.01mg/ml,0.01,8,0,FALSE,NA
A. indica,leaves,T. evansi,0.01mg/ml,0.01,9,0,FALSE,NA
A. indica,leaves,T. evansi,0.01mg/ml,0.01,10,0,FALSE,NA
A. indica,leaves,T. evansi,0.01mg/ml,0.01,11,0,FALSE,NA
A. indica,leaves,T. evansi,0.01mg/ml,0.01,12,0,FALSE,NA
A. indica,leaves,T. evansi,0.01mg/ml,0.01,13,0,FALSE,NA
A. indica,leaves,T. evansi,0.01mg/ml,0.01,14,0,FALSE,NA
A. indica,leaves,T. evansi,0.01mg/ml,0.01,15,0,FALSE,NA
A. indica,leaves,T. evansi,0.01mg/ml,0.01,16,0,FALSE,NA
A. indica,leaves,T. evansi,0.01mg/ml,0.01,17,0,FALSE,NA
A. indica,leaves,T. evansi,0.01mg/ml,0.01,18,0,FALSE,NA
A. indica,leaves,T. evansi,0.01mg/ml,0.01,19,0,FALSE,NA
A. indica,leaves,T. evansi,0.01mg/ml,0.01,20,0,FALSE,NA
A. indica,leaves,T. evansi,0.01mg/ml,0.01,21,0,FALSE,NA
A. indica,leaves,T. evansi,0.01mg/ml,0.01,22,0,FALSE,NA
A. indica,leaves,T. evansi,0.01mg/ml,0.01,23,0,FALSE,NA
A. indica,leaves,T. evansi,0.01mg/ml,0.01,24,0,FALSE,NA
A. indica,leaves,T. evansi,0.01mg/ml,0.01,25,0,FALSE,NA
A. indica,leaves,T. evansi,0.01mg/ml,0.01,26,0,FALSE,NA
A. indica,leaves,T. evansi,0.01mg/ml,0.01,27,0,FALSE,NA
A. indica,leaves,T. evansi,0.01mg/ml,0.01,28,0,FALSE,NA
A. indica,leaves,T. evansi,0.01mg/ml,0.01,29,0,FALSE,NA
A. indica,leaves,T. evansi,0.01mg/ml,0.01,30,0,FALSE,NA
A. indica,leaves,T. evansi,0.01mg/ml,0.01,31,0,FALSE,NA
A. indica,leaves,T. evansi,0.01mg/ml,0.01,32,0,FALSE,NA
A. indica,leaves,T. evansi,0.01mg/ml,0.01,33,0,FALSE,NA
A. indica,leaves,T. evansi,0.01mg/ml,0.01,34,0,FALSE,NA
A. indica,leaves,T. evansi,0.01mg/ml,0.01,35,0,FALSE,NA
A. indica,leaves,T. evansi,0.01mg/ml,0.01,36,0,FALSE,NA
A. indica,leaves,T. evansi,0.01mg/ml,0.01,37,0,FALSE,NA
A. indica,leaves,T. evansi,0.01mg/ml,0.01,38,0,FALSE,NA
A. indica,leaves,T. evansi,0.01mg/ml,0.01,39,0,FALSE,NA
A. indica,leaves,T. evansi,0.01mg/ml,0.01,40,0,FALSE,NA
A. indica,leaves,T. evansi,0.005mg/ml,0.005,1,0,FALSE,NA
A. indica,leaves,T. evansi,0.005mg/ml,0.005,2,0,FALSE,NA
A. indica,leaves,T. evansi,0.005mg/ml,0.005,3,0,FALSE,NA
A. indica,leaves,T. evansi,0.005mg/ml,0.005,4,0,FALSE,NA
A. indica,leaves,T. evansi,0.005mg/ml,0.005,5,0,FALSE,NA
A. indica,leaves,T. evansi,0.005mg/ml,0.005,6,0,FALSE,NA
A. indica,leaves,T. evansi,0.005mg/ml,0.005,7,0,FALSE,NA
A. indica,leaves,T. evansi,0.005mg/ml,0.005,8,0,FALSE,NA
A. indica,leaves,T. evansi,0.005mg/ml,0.005,9,0,FALSE,NA
A. indica,leaves,T. evansi,0.005mg/ml,0.005,10,0,FALSE,NA
A. indica,leaves,T. evansi,0.005mg/ml,0.005,11,0,FALSE,NA
A. indica,leaves,T. evansi,0.005mg/ml,0.005,12,0,FALSE,NA
A. indica,leaves,T. evansi,0.005mg/ml,0.005,13,0,FALSE,NA
A. indica,leaves,T. evansi,0.005mg/ml,0.005,14,0,FALSE,NA
A. indica,leaves,T. evansi,0.005mg/ml,0.005,15,0,FALSE,NA
A. indica,leaves,T. evansi,0.005mg/ml,0.005,16,0,FALSE,NA
A. indica,leaves,T. evansi,0.005mg/ml,0.005,17,0,FALSE,NA
A. indica,leaves,T. evansi,0.005mg/ml,0.005,18,0,FALSE,NA
A. indica,leaves,T. evansi,0.005mg/ml,0.005,19,0,FALSE,NA
A. indica,leaves,T. evansi,0.005mg/ml,0.005,20,0,FALSE,NA
A. indica,leaves,T. evansi,0.005mg/ml,0.005,21,0,FALSE,NA
A. indica,leaves,T. evansi,0.005mg/ml,0.005,22,0,FALSE,NA
A. indica,leaves,T. evansi,0.005mg/ml,0.005,23,0,FALSE,NA
A. indica,leaves,T. evansi,0.005mg/ml,0.005,24,0,FALSE,NA
A. indica,leaves,T. evansi,0.005mg/ml,0.005,25,0,FALSE,NA
A. indica,leaves,T. evansi,0.005mg/ml,0.005,26,0,FALSE,NA
A. indica,leaves,T. evansi,0.005mg/ml,0.005,27,0,FALSE,NA
A. indica,leaves,T. evansi,0.005mg/ml,0.005,28,0,FALSE,NA
A. indica,leaves,T. evansi,0.005mg/ml,0.005,29,0,FALSE,NA
A. indica,leaves,T. evansi,0.005mg/ml,0.005,30,0,FALSE,NA
A. indica,leaves,T. evansi,0.005mg/ml,0.005,31,0,FALSE,NA
A. indica,leaves,T. evansi,0.005mg/ml,0.005,32,0,FALSE,NA
A. indica,leaves,T. evansi,0.005mg/ml,0.005,33,0,FALSE,NA
A. indica,leaves,T. evansi,0.005mg/ml,0.005,34,0,FALSE,NA
A. indica,leaves,T. evansi,0.005mg/ml,0.005,35,0,FALSE,NA
A. indica,leaves,T. evansi,0.005mg/ml,0.005,36,0,FALSE,NA
A. indica,leaves,T. evansi,0.005mg/ml,0.005,37,0,FALSE,NA
A. indica,leaves,T. evansi,0.005mg/ml,0.005,38,0,FALSE,NA
A. indica,leaves,T. evansi,0.005mg/ml,0.005,39,0,FALSE,NA
A. indica,leaves,T. evansi,0.005mg/ml,0.005,40,0,FALSE,NA
A. indica,leaves,T. evansi,Negative Control,NA,1,0,FALSE,NA
A. indica,leaves,T. evansi,Negative Control,NA,2,0,FALSE,NA
A. indica,leaves,T. evansi,Negative Control,NA,3,0,FALSE,NA
A. indica,leaves,T. evansi,Negative Control,NA,4,0,FALSE,NA
A. indica,leaves,T. evansi,Negative Control,NA,5,0,FALSE,NA
A. indica,leaves,T. evansi,Negative Control,NA,6,0,FALSE,NA
A. indica,leaves,T. evansi,Negative Control,NA,7,0,FALSE,NA
A. indica,leaves,T. evansi,Negative Control,NA,8,0.79,FALSE,NA
A. indica,leaves,T. evansi,Negative Control,NA,9,1.866667,FALSE,NA
A. indica,leaves,T. evansi,Negative Control,NA,10,3.67,FALSE,NA
A. indica,leaves,T. evansi,Negative Control,NA,11,4.16,FALSE,NA
A. indica,leaves,T. evansi,Negative Control,NA,12,4.69,FALSE,NA
A. indica,leaves,T. evansi,Negative Control,NA,13,4.95,FALSE,NA
A. indica,leaves,T. evansi,Negative Control,NA,14,4,FALSE,NA
A. indica,leaves,T. evansi,Negative Control,NA,15,5,FALSE,NA
A. indica,leaves,T. evansi,Negative Control,NA,16,NA,TRUE,NA
A. indica,leaves,T. evansi,Negative Control,NA,17,NA,TRUE,NA
A. indica,leaves,T. evansi,Negative Control,NA,18,NA,TRUE,NA
A. indica,leaves,T. evansi,Negative Control,NA,19,NA,TRUE,NA
A. indica,leaves,T. evansi,Negative Control,NA,20,NA,TRUE,NA
A. indica,leaves,T. evansi,Negative Control,NA,21,NA,TRUE,NA
A. indica,leaves,T. evansi,Negative Control,NA,22,NA,TRUE,NA
A. indica,leaves,T. evansi,Negative Control,NA,23,NA,TRUE,NA
A. indica,leaves,T. evansi,Negative Control,NA,24,NA,TRUE,NA
A. indica,leaves,T. evansi,Negative Control,NA,25,NA,TRUE,NA
A. indica,leaves,T. evansi,Negative Control,NA,26,NA,TRUE,NA
A. indica,leaves,T. evansi,Negative Control,NA,27,NA,TRUE,NA
A. indica,leaves,T. evansi,Negative Control,NA,28,NA,TRUE,NA
A. indica,leaves,T. evansi,Negative Control,NA,29,NA,TRUE,NA
A. indica,leaves,T. evansi,Negative Control,NA,30,NA,TRUE,NA
A. indica,leaves,T. evansi,Negative Control,NA,31,NA,TRUE,NA
A. indica,leaves,T. evansi,Negative Control,NA,32,NA,TRUE,NA
A. indica,leaves,T. evansi,Negative Control,NA,33,NA,TRUE,NA
A. indica,leaves,T. evansi,Negative Control,NA,34,NA,TRUE,NA
A. indica,leaves,T. evansi,Negative Control,NA,35,NA,TRUE,NA
A. indica,leaves,T. evansi,Negative Control,NA,36,NA,TRUE,NA
A. indica,leaves,T. evansi,Negative Control,NA,37,NA,TRUE,NA
A. indica,leaves,T. evansi,Negative Control,NA,38,NA,TRUE,NA
A. indica,leaves,T. evansi,Negative Control,NA,39,NA,TRUE,NA
A. indica,leaves,T. evansi,Negative Control,NA,40,NA,TRUE,NA
A. indica,leaves,T. evansi,Positive Control,NA,1,0,FALSE,NA
A. indica,leaves,T. evansi,Positive Control,NA,2,0,FALSE,NA
A. indica,leaves,T. evansi,Positive Control,NA,3,0,FALSE,NA
A. indica,leaves,T. evansi,Positive Control,NA,4,0,FALSE,NA
A. indica,leaves,T. evansi,Positive Control,NA,5,0,FALSE,NA
A. indica,leaves,T. evansi,Positive Control,NA,6,0,FALSE,NA
A. indica,leaves,T. evansi,Positive Control,NA,7,0,FALSE,NA
A. indica,leaves,T. evansi,Positive Control,NA,8,0,FALSE,NA
A. indica,leaves,T. evansi,Positive Control,NA,9,0,FALSE,NA
A. indica,leaves,T. evansi,Positive Control,NA,10,0,FALSE,NA
A. indica,leaves,T. evansi,Positive Control,NA,11,0,FALSE,NA
A. indica,leaves,T. evansi,Positive Control,NA,12,0,FALSE,NA
A. indica,leaves,T. evansi,Positive Control,NA,13,0,FALSE,NA
A. indica,leaves,T. evansi,Positive Control,NA,14,0,FALSE,NA
A. indica,leaves,T. evansi,Positive Control,NA,15,0,FALSE,NA
A. indica,leaves,T. evansi,Positive Control,NA,16,0,FALSE,NA
A. indica,leaves,T. evansi,Positive Control,NA,17,0,FALSE,NA
A. indica,leaves,T. evansi,Positive Control,NA,18,0,FALSE,NA
A. indica,leaves,T. evansi,Positive Control,NA,19,0,FALSE,NA
A. indica,leaves,T. evansi,Positive Control,NA,20,0,FALSE,NA
A. indica,leaves,T. evansi,Positive Control,NA,21,0,FALSE,NA
A. indica,leaves,T. evansi,Positive Control,NA,22,0,FALSE,NA
A. indica,leaves,T. evansi,Positive Control,NA,23,0,FALSE,NA
A. indica,leaves,T. evansi,Positive Control,NA,24,0,FALSE,NA
A. indica,leaves,T. evansi,Positive Control,NA,25,0,FALSE,NA
A. indica,leaves,T. evansi,Positive Control,NA,26,0,FALSE,NA
A. indica,leaves,T. evansi,Positive Control,NA,27,0,FALSE,NA
A. indica,leaves,T. evansi,Positive Control,NA,28,0,FALSE,NA
A. indica,leaves,T. evansi,Positive Control,NA,29,0,FALSE,NA
A. indica,leaves,T. evansi,Positive Control,NA,30,0,FALSE,NA
A. indica,leaves,T. evansi,Positive Control,NA,31,0,FALSE,NA
A. indica,leaves,T. evansi,Positive Control,NA,32,0,FALSE,NA
A. indica,leaves,T. evansi,Positive Control,NA,33,0,FALSE,NA
A. indica,leaves,T. evansi,Positive Control,NA,34,0,FALSE,NA
A. indica,leaves,T. evansi,Positive Control,NA,35,0,FALSE,NA
A. indica,leaves,T. evansi,Positive Control,NA,36,0,FALSE,NA
A. indica,leaves,T. evansi,Positive Control,NA,37,0,FALSE,NA
A. indica,leaves,T. evansi,Positive Control,NA,38,0,FALSE,NA
A. indica,leaves,T. evansi,Positive Control,NA,39,0,FALSE,NA
A. indica,leaves,T. evansi,Positive Control,NA,40,0,FALSE,NA
M. oleifera,seeds,T. evansi,100mg/ml,100,1,0,FALSE,NA
M. oleifera,seeds,T. evansi,100mg/ml,100,2,0,FALSE,NA
M. oleifera,seeds,T. evansi,100mg/ml,100,3,0,FALSE,NA
M. oleifera,seeds,T. evansi,100mg/ml,100,4,0,FALSE,NA
M. oleifera,seeds,T. evansi,100mg/ml,100,5,0,FALSE,NA
M. oleifera,seeds,T. evansi,100mg/ml,100,6,0,FALSE,NA
M. oleifera,seeds,T. evansi,100mg/ml,100,7,0,FALSE,NA
M. oleifera,seeds,T. evansi,100mg/ml,100,8,0,FALSE,NA
M. oleifera,seeds,T. evansi,100mg/ml,100,9,0,FALSE,NA
M. oleifera,seeds,T. evansi,100mg/ml,100,10,0,FALSE,NA
M. oleifera,seeds,T. evansi,100mg/ml,100,11,0,FALSE,NA
M. oleifera,seeds,T. evansi,100mg/ml,100,12,0,FALSE,NA
M. oleifera,seeds,T. evansi,100mg/ml,100,13,0,FALSE,NA
M. oleifera,seeds,T. evansi,100mg/ml,100,14,0,FALSE,NA
M. oleifera,seeds,T. evansi,100mg/ml,100,15,0,FALSE,NA
M. oleifera,seeds,T. evansi,100mg/ml,100,16,0,FALSE,NA
M. oleifera,seeds,T. evansi,100mg/ml,100,17,0,FALSE,NA
M. oleifera,seeds,T. evansi,100mg/ml,100,18,0,FALSE,NA
M. oleifera,seeds,T. evansi,100mg/ml,100,19,0,FALSE,NA
M. oleifera,seeds,T. evansi,100mg/ml,100,20,0,FALSE,NA
M. oleifera,seeds,T. evansi,100mg/ml,100,21,0,FALSE,NA
M. oleifera,seeds,T. evansi,100mg/ml,100,22,0,FALSE,NA
M. oleifera,seeds,T. evansi,100mg/ml,100,23,0,FALSE,NA
M. oleifera,seeds,T. evansi,100mg/ml,100,24,0,FALSE,NA
M. oleifera,seeds,T. evansi,100mg/ml,100,25,0,FALSE,NA
M. oleifera,seeds,T. evansi,100mg/ml,100,26,0,FALSE,NA
M. oleifera,seeds,T. evansi,100mg/ml,100,27,0,FALSE,NA
M. oleifera,seeds,T. evansi,100mg/ml,100,28,0,FALSE,NA
M. oleifera,seeds,T. evansi,100mg/ml,100,29,0,FALSE,NA
M. oleifera,seeds,T. evansi,100mg/ml,100,30,0,FALSE,NA
M. oleifera,seeds,T. evansi,100mg/ml,100,31,0,FALSE,NA
M. oleifera,seeds,T. evansi,100mg/ml,100,32,0,FALSE,NA
M. oleifera,seeds,T. evansi,100mg/ml,100,33,0,FALSE,NA
M. oleifera,seeds,T. evansi,100mg/ml,100,34,0,FALSE,NA
M. oleifera,seeds,T. evansi,100mg/ml,100,35,0,FALSE,NA
M. oleifera,seeds,T. evansi,100mg/ml,100,36,0,FALSE,NA
M. oleifera,seeds,T. evansi,100mg/ml,100,37,0,FALSE,NA
M. oleifera,seeds,T. evansi,100mg/ml,100,38,0,FALSE,NA
M. oleifera,seeds,T. evansi,100mg/ml,100,39,0,FALSE,NA
M. oleifera,seeds,T. evansi,100mg/ml,100,40,0,FALSE,NA
M. oleifera,seeds,T. evansi,10mg/ml,10,1,0,FALSE,NA
M. oleifera,seeds,T. evansi,10mg/ml,10,2,0,FALSE,NA
M. oleifera,seeds,T. evansi,10mg/ml,10,3,0,FALSE,NA
M. oleifera,seeds,T. evansi,10mg/ml,10,4,0,FALSE,NA
M. oleifera,seeds,T. evansi,10mg/ml,10,5,0,FALSE,NA
M. oleifera,seeds,T. evansi,10mg/ml,10,6,0,FALSE,NA
M. oleifera,seeds,T. evansi,10mg/ml,10,7,0,FALSE,NA
M. oleifera,seeds,T. evansi,10mg/ml,10,8,0,FALSE,NA
M. oleifera,seeds,T. evansi,10mg/ml,10,9,0,FALSE,NA
M. oleifera,seeds,T. evansi,10mg/ml,10,10,0,FALSE,NA
M. oleifera,seeds,T. evansi,10mg/ml,10,11,0,FALSE,NA
M. oleifera,seeds,T. evansi,10mg/ml,10,12,0,FALSE,NA
M. oleifera,seeds,T. evansi,10mg/ml,10,13,0,FALSE,NA
M. oleifera,seeds,T. evansi,10mg/ml,10,14,0,FALSE,NA
M. oleifera,seeds,T. evansi,10mg/ml,10,15,0,FALSE,NA
M. oleifera,seeds,T. evansi,10mg/ml,10,16,0,FALSE,NA
M. oleifera,seeds,T. evansi,10mg/ml,10,17,0,FALSE,NA
M. oleifera,seeds,T. evansi,10mg/ml,10,18,0,FALSE,NA
M. oleifera,seeds,T. evansi,10mg/ml,10,19,0,FALSE,NA
M. oleifera,seeds,T. evansi,10mg/ml,10,20,0,FALSE,NA
M. oleifera,seeds,T. evansi,10mg/ml,10,21,0,FALSE,NA
M. oleifera,seeds,T. evansi,10mg/ml,10,22,0,FALSE,NA
M. oleifera,seeds,T. evansi,10mg/ml,10,23,0,FALSE,NA
M. oleifera,seeds,T. evansi,10mg/ml,10,24,0,FALSE,NA
M. oleifera,seeds,T. evansi,10mg/ml,10,25,0,FALSE,NA
M. oleifera,seeds,T. evansi,10mg/ml,10,26,0,FALSE,NA
M. oleifera,seeds,T. evansi,10mg/ml,10,27,0,FALSE,NA
M. oleifera,seeds,T. evansi,10mg/ml,10,28,0,FALSE,NA
M. oleifera,seeds,T. evansi,10mg/ml,10,29,0,FALSE,NA
M. oleifera,seeds,T. evansi,10mg/ml,10,30,0,FALSE,NA
M. oleifera,seeds,T. evansi,10mg/ml,10,31,0,FALSE,NA
M. oleifera,seeds,T. evansi,10mg/ml,10,32,0,FALSE,NA
M. oleifera,seeds,T. evansi,10mg/ml,10,33,0,FALSE,NA
M. oleifera,seeds,T. evansi,10mg/ml,10,34,0,FALSE,NA
M. oleifera,seeds,T. evansi,10mg/ml,10,35,0,FALSE,NA
M. oleifera,seeds,T. evansi,10mg/ml,10,36,0,FALSE,NA
M. oleifera,seeds,T. evansi,10mg/ml,10,37,0,FALSE,NA
M. oleifera,seeds,T. evansi,10mg/ml,10,38,0,FALSE,NA
M. oleifera,seeds,T. evansi,10mg/ml,10,39,0,FALSE,NA
M. oleifera,seeds,T. evansi,10mg/ml,10,40,0,FALSE,NA
M. oleifera,seeds,T. evansi,0.5mg/ml,0.5,1,0,FALSE,NA
M. oleifera,seeds,T. evansi,0.5mg/ml,0.5,2,0,FALSE,NA
M. oleifera,seeds,T. evansi,0.5mg/ml,0.5,3,0,FALSE,NA
M. oleifera,seeds,T. evansi,0.5mg/ml,0.5,4,0,FALSE,NA
M. oleifera,seeds,T. evansi,0.5mg/ml,0.5,5,0,FALSE,NA
M. oleifera,seeds,T. evansi,0.5mg/ml,0.5,6,0,FALSE,NA
M. oleifera,seeds,T. evansi,0.5mg/ml,0.5,7,0,FALSE,NA
M. oleifera,seeds,T. evansi,0.5mg/ml,0.5,8,0,FALSE,NA
M. oleifera,seeds,T. evansi,0.5mg/ml,0.5,9,0,FALSE,NA
M. oleifera,seeds,T. evansi,0.5mg/ml,0.5,10,0,FALSE,NA
M. oleifera,seeds,T. evansi,0.5mg/ml,0.5,11,0,FALSE,NA
M. oleifera,seeds,T. evansi,0.5mg/ml,0.5,12,0,FALSE,NA
M. oleifera,seeds,T. evansi,0.5mg/ml,0.5,13,0,FALSE,NA
M. oleifera,seeds,T. evansi,0.5mg/ml,0.5,14,0,FALSE,NA
M. oleifera,seeds,T. evansi,0.5mg/ml,0.5,15,0,FALSE,NA
M. oleifera,seeds,T. evansi,0.5mg/ml,0.5,16,0,FALSE,NA
M. oleifera,seeds,T. evansi,0.5mg/ml,0.5,17,0,FALSE,NA
M. oleifera,seeds,T. evansi,0.5mg/ml,0.5,18,0,FALSE,NA
M. oleifera,seeds,T. evansi,0.5mg/ml,0.5,19,0,FALSE,NA
M. oleifera,seeds,T. evansi,0.5mg/ml,0.5,20,0,FALSE,NA
M. oleifera,seeds,T. evansi,0.5mg/ml,0.5,21,0,FALSE,NA
M. oleifera,seeds,T. evansi,0.5mg/ml,0.5,22,0,FALSE,NA
M. oleifera,seeds,T. evansi,0.5mg/ml,0.5,23,0,FALSE,NA
M. oleifera,seeds,T. evansi,0.5mg/ml,0.5,24,0,FALSE,NA
M. oleifera,seeds,T. evansi,0.5mg/ml,0.5,25,0,FALSE,NA
M. oleifera,seeds,T. evansi,0.5mg/ml,0.5,26,0,FALSE,NA
M. oleifera,seeds,T. evansi,0.5mg/ml,0.5,27,0,FALSE,NA
M. oleifera,seeds,T. evansi,0.5mg/ml,0.5,28,0,FALSE,NA
M. oleifera,seeds,T. evansi,0.5mg/ml,0.5,29,0,FALSE,NA
M. oleifera,seeds,T. evansi,0.5mg/ml,0.5,30,0,FALSE,NA
M. oleifera,seeds,T. evansi,0.5mg/ml,0.5,31,0,FALSE,NA
M. oleifera,seeds,T. evansi,0.5mg/ml,0.5,32,0,FALSE,NA
M. oleifera,seeds,T. evansi,0.5mg/ml,0.5,33,0,FALSE,NA
M. oleifera,seeds,T. evansi,0.5mg/ml,0.5,34,0,FALSE,NA
M. oleifera,seeds,T. evansi,0.5mg/ml,0.5,35,0,FALSE,NA
M. oleifera,seeds,T. evansi,0.5mg/ml,0.5,36,0,FALSE,NA
M. oleifera,seeds,T. evansi,0.5mg/ml,0.5,37,0,FALSE,NA
M. oleifera,seeds,T. evansi,0.5mg/ml,0.5,38,0,FALSE,NA
M. oleifera,seeds,T. evansi,0.5mg/ml,0.5,39,0,FALSE,NA
M. oleifera,seeds,T. evansi,0.5mg/ml,0.5,40,0,FALSE,NA
M. oleifera,seeds,T. evansi,0.01mg/ml,0.01,1,0,FALSE,NA
M. oleifera,seeds,T. evansi,0.01mg/ml,0.01,2,0,FALSE,NA
M. oleifera,seeds,T. evansi,0.01mg/ml,0.01,3,0,FALSE,NA
M. oleifera,seeds,T. evansi,0.01mg/ml,0.01,4,0,FALSE,NA
M. oleifera,seeds,T. evansi,0.01mg/ml,0.01,5,0,FALSE,NA
M. oleifera,seeds,T. evansi,0.01mg/ml,0.01,6,0,FALSE,NA
M. oleifera,seeds,T. evansi,0.01mg/ml,0.01,7,0,FALSE,NA
M. oleifera,seeds,T. evansi,0.01mg/ml,0.01,8,0,FALSE,NA
M. oleifera,seeds,T. evansi,0.01mg/ml,0.01,9,0,FALSE,NA
M. oleifera,seeds,T. evansi,0.01mg/ml,0.01,10,0,FALSE,NA
M. oleifera,seeds,T. evansi,0.01mg/ml,0.01,11,0,FALSE,NA
M. oleifera,seeds,T. evansi,0.01mg/ml,0.01,12,0,FALSE,NA
M. oleifera,seeds,T. evansi,0.01mg/ml,0.01,13,0,FALSE,NA
M. oleifera,seeds,T. evansi,0.01mg/ml,0.01,14,0,FALSE,NA
M. oleifera,seeds,T. evansi,0.01mg/ml,0.01,15,0,FALSE,NA
M. oleifera,seeds,T. evansi,0.01mg/ml,0.01,16,0,FALSE,NA
M. oleifera,seeds,T. evansi,0.01mg/ml,0.01,17,0,FALSE,NA
M. oleifera,seeds,T. evansi,0.01mg/ml,0.01,18,0,FALSE,NA
M. oleifera,seeds,T. evansi,0.01mg/ml,0.01,19,0,FALSE,NA
M. oleifera,seeds,T. evansi,0.01mg/ml,0.01,20,0,FALSE,NA
M. oleifera,seeds,T. evansi,0.01mg/ml,0.01,21,0,FALSE,NA
M. oleifera,seeds,T. evansi,0.01mg/ml,0.01,22,0,FALSE,NA
M. oleifera,seeds,T. evansi,0.01mg/ml,0.01,23,0,FALSE,NA
M. oleifera,seeds,T. evansi,0.01mg/ml,0.01,24,0,FALSE,NA
M. oleifera,seeds,T. evansi,0.01mg/ml,0.01,25,0,FALSE,NA
M. oleifera,seeds,T. evansi,0.01mg/ml,0.01,26,0,FALSE,NA
M. oleifera,seeds,T. evansi,0.01mg/ml,0.01,27,0,FALSE,NA
M. oleifera,seeds,T. evansi,0.01mg/ml,0.01,28,0,FALSE,NA
M. oleifera,seeds,T. evansi,0.01mg/ml,0.01,29,0,FALSE,NA
M. oleifera,seeds,T. evansi,0.01mg/ml,0.01,30,0,FALSE,NA
M. oleifera,seeds,T. evansi,0.01mg/ml,0.01,31,0,FALSE,NA
M. oleifera,seeds,T. evansi,0.01mg/ml,0.01,32,0,FALSE,NA
M. oleifera,seeds,T. evansi,0.01mg/ml,0.01,33,0,FALSE,NA
M. oleifera,seeds,T. evansi,0.01mg/ml,0.01,34,0,FALSE,NA
M. oleifera,seeds,T. evansi,0.01mg/ml,0.01,35,0,FALSE,NA
M. oleifera,seeds,T. evansi,0.01mg/ml,0.01,36,0,FALSE,NA
M. oleifera,seeds,T. evansi,0.01mg/ml,0.01,37,0,FALSE,NA
M. oleifera,seeds,T. evansi,0.01mg/ml,0.01,38,0,FALSE,NA
M. oleifera,seeds,T. evansi,0.01mg/ml,0.01,39,0,FALSE,NA
M. oleifera,seeds,T. evansi,0.01mg/ml,0.01,40,0,FALSE,NA
M. oleifera,seeds,T. evansi,0.005mg/ml,0.005,1,0,FALSE,NA
M. oleifera,seeds,T. evansi,0.005mg/ml,0.005,2,0,FALSE,NA
M. oleifera,seeds,T. evansi,0.005mg/ml,0.005,3,0,FALSE,NA
M. oleifera,seeds,T. evansi,0.005mg/ml,0.005,4,0,FALSE,NA
M. oleifera,seeds,T. evansi,0.005mg/ml,0.005,5,0,FALSE,NA
M. oleifera,seeds,T. evansi,0.005mg/ml,0.005,6,0,FALSE,NA
M. oleifera,seeds,T. evansi,0.005mg/ml,0.005,7,0,FALSE,NA
M. oleifera,seeds,T. evansi,0.005mg/ml,0.005,8,0,FALSE,NA
M. oleifera,seeds,T. evansi,0.005mg/ml,0.005,9,0,FALSE,NA
M. oleifera,seeds,T. evansi,0.005mg/ml,0.005,10,0,FALSE,NA
M. oleifera,seeds,T. evansi,0.005mg/ml,0.005,11,0,FALSE,NA
M. oleifera,seeds,T. evansi,0.005mg/ml,0.005,12,0,FALSE,NA
M. oleifera,seeds,T. evansi,0.005mg/ml,0.005,13,0,FALSE,NA
M. oleifera,seeds,T. evansi,0.005mg/ml,0.005,14,0,FALSE,NA
M. oleifera,seeds,T. evansi,0.005mg/ml,0.005,15,0,FALSE,NA
M. oleifera,seeds,T. evansi,0.005mg/ml,0.005,16,0,FALSE,NA
M. oleifera,seeds,T. evansi,0.005mg/ml,0.005,17,0,FALSE,NA
M. oleifera,seeds,T. evansi,0.005mg/ml,0.005,18,0,FALSE,NA
M. oleifera,seeds,T. evansi,0.005mg/ml,0.005,19,0,FALSE,NA
M. oleifera,seeds,T. evansi,0.005mg/ml,0.005,20,0,FALSE,NA
M. oleifera,seeds,T. evansi,0.005mg/ml,0.005,21,0,FALSE,NA
M. oleifera,seeds,T. evansi,0.005mg/ml,0.005,22,0,FALSE,NA
M. oleifera,seeds,T. evansi,0.005mg/ml,0.005,23,0,FALSE,NA
M. oleifera,seeds,T. evansi,0.005mg/ml,0.005,24,0,FALSE,NA
M. oleifera,seeds,T. evansi,0.005mg/ml,0.005,25,0,FALSE,NA
M. oleifera,seeds,T. evansi,0.005mg/ml,0.005,26,0,FALSE,NA
M. oleifera,seeds,T. evansi,0.005mg/ml,0.005,27,0,FALSE,NA
M. oleifera,seeds,T. evansi,0.005mg/ml,0.005,28,0,FALSE,NA
M. oleifera,seeds,T. evansi,0.005mg/ml,0.005,29,0,FALSE,NA
M. oleifera,seeds,T. evansi,0.005mg/ml,0.005,30,0,FALSE,NA
M. oleifera,seeds,T. evansi,0.005mg/ml,0.005,31,0,FALSE,NA
M. oleifera,seeds,T. evansi,0.005mg/ml,0.005,32,0,FALSE,NA
M. oleifera,seeds,T. evansi,0.005mg/ml,0.005,33,0,FALSE,NA
M. oleifera,seeds,T. evansi,0.005mg/ml,0.005,34,0,FALSE,NA
M. oleifera,seeds,T. evansi,0.005mg/ml,0.005,35,0,FALSE,NA
M. oleifera,seeds,T. evansi,0.005mg/ml,0.005,36,0,FALSE,NA
M. oleifera,seeds,T. evansi,0.005mg/ml,0.005,37,0,FALSE,NA
M. oleifera,seeds,T. evansi,0.005mg/ml,0.005,38,0,FALSE,NA
M. oleifera,seeds,T. evansi,0.005mg/ml,0.005,39,0,FALSE,NA
M. oleifera,seeds,T. evansi,0.005mg/ml,0.005,40,0,FALSE,NA
M. oleifera,seeds,T. evansi,Negative Control,NA,1,0,FALSE,NA
M. oleifera,seeds,T. evansi,Negative Control,NA,2,0,FALSE,NA
M. oleifera,seeds,T. evansi,Negative Control,NA,3,0,FALSE,NA
M. oleifera,seeds,T. evansi,Negative Control,NA,4,0,FALSE,NA
M. oleifera,seeds,T. evansi,Negative Control,NA,5,0,FALSE,NA
M. oleifera,seeds,T. evansi,Negative Control,NA,6,0,FALSE,NA
M. oleifera,seeds,T. evansi,Negative Control,NA,7,0,FALSE,NA
M. oleifera,seeds,T. evansi,Negative Control,NA,8,1.07,FALSE,NA
M. oleifera,seeds,T. evansi,Negative Control,NA,9,2.07,FALSE,NA
M. oleifera,seeds,T. evansi,Negative Control,NA,10,2.95,FALSE,NA
M. oleifera,seeds,T. evansi,Negative Control,NA,11,3.33,FALSE,NA
M. oleifera,seeds,T. evansi,Negative Control,NA,12,2.83,FALSE,NA
M. oleifera,seeds,T. evansi,Negative Control,NA,13,2.95,FALSE,NA
M. oleifera,seeds,T. evansi,Negative Control,NA,14,4,FALSE,NA
M. oleifera,seeds,T. evansi,Negative Control,NA,15,4.33,FALSE,NA
M. oleifera,seeds,T. evansi,Negative Control,NA,16,4.43,FALSE,NA
M. oleifera,seeds,T. evansi,Negative Control,NA,17,4.5,FALSE,NA
M. oleifera,seeds,T. evansi,Negative Control,NA,18,4.95,FALSE,NA
M. oleifera,seeds,T. evansi,Negative Control,NA,19,4.95,FALSE,NA
M. oleifera,seeds,T. evansi,Negative Control,NA,20,5,FALSE,NA
M. oleifera,seeds,T. evansi,Negative Control,NA,21,NA,TRUE,NA
M. oleifera,seeds,T. evansi,Negative Control,NA,22,NA,TRUE,NA
M. oleifera,seeds,T. evansi,Negative Control,NA,23,NA,TRUE,NA
M. oleifera,seeds,T. evansi,Negative Control,NA,24,NA,TRUE,NA
M. oleifera,seeds,T. evansi,Negative Control,NA,25,NA,TRUE,NA
M. oleifera,seeds,T. evansi,Negative Control,NA,26,NA,TRUE,NA
M. oleifera,seeds,T. evansi,Negative Control,NA,27,NA,TRUE,NA
M. oleifera,seeds,T. evansi,Negative Control,NA,28,NA,TRUE,NA
M. oleifera,seeds,T. evansi,Negative Control,NA,29,NA,TRUE,NA
M. oleifera,seeds,T. evansi,Negative Control,NA,30,NA,TRUE,NA
M. oleifera,seeds,T. evansi,Negative Control,NA,31,NA,TRUE,NA
M. oleifera,seeds,T. evansi,Negative Control,NA,32,NA,TRUE,NA
M. oleifera,seeds,T. evansi,Negative Control,NA,33,NA,TRUE,NA
M. oleifera,seeds,T. evansi,Negative Control,NA,34,NA,TRUE,NA
M. oleifera,seeds,T. evansi,Negative Control,NA,35,NA,TRUE,NA
M. oleifera,seeds,T. evansi,Negative Control,NA,36,NA,TRUE,NA
M. oleifera,seeds,T. evansi,Negative Control,NA,37,NA,TRUE,NA
M. oleifera,seeds,T. evansi,Negative Control,NA,38,NA,TRUE,NA
M. oleifera,seeds,T. evansi,Negative Control,NA,39,NA,TRUE,NA
M. oleifera,seeds,T. evansi,Negative Control,NA,40,NA,TRUE,NA
M. oleifera,seeds,T. evansi,Positive Control,NA,1,0,FALSE,NA
M. oleifera,seeds,T. evansi,Positive Control,NA,2,0,FALSE,NA
M. oleifera,seeds,T. evansi,Positive Control,NA,3,0,FALSE,NA
M. oleifera,seeds,T. evansi,Positive Control,NA,4,0,FALSE,NA
M. oleifera,seeds,T. evansi,Positive Control,NA,5,0,FALSE,NA
M. oleifera,seeds,T. evansi,Positive Control,NA,6,0,FALSE,NA
M. oleifera,seeds,T. evansi,Positive Control,NA,7,0,FALSE,NA
M. oleifera,seeds,T. evansi,Positive Control,NA,8,0,FALSE,NA
M. oleifera,seeds,T. evansi,Positive Control,NA,9,0,FALSE,NA
M. oleifera,seeds,T. evansi,Positive Control,NA,10,0,FALSE,NA
M. oleifera,seeds,T. evansi,Positive Control,NA,11,0,FALSE,NA
M. oleifera,seeds,T. evansi,Positive Control,NA,12,0,FALSE,NA
M. oleifera,seeds,T. evansi,Positive Control,NA,13,0,FALSE,NA
M. oleifera,seeds,T. evansi,Positive Control,NA,14,0,FALSE,NA
M. oleifera,seeds,T. evansi,Positive Control,NA,15,0,FALSE,NA
M. oleifera,seeds,T. evansi,Positive Control,NA,16,0,FALSE,NA
M. oleifera,seeds,T. evansi,Positive Control,NA,17,0,FALSE,NA
M. oleifera,seeds,T. evansi,Positive Control,NA,18,0,FALSE,NA
M. oleifera,seeds,T. evansi,Positive Control,NA,19,0,FALSE,NA
M. oleifera,seeds,T. evansi,Positive Control,NA,20,0,FALSE,NA
M. oleifera,seeds,T. evansi,Positive Control,NA,21,0,FALSE,NA
M. oleifera,seeds,T. evansi,Positive Control,NA,22,0,FALSE,NA
M. oleifera,seeds,T. evansi,Positive Control,NA,23,0,FALSE,NA
M. oleifera,seeds,T. evansi,Positive Control,NA,24,0,FALSE,NA
M. oleifera,seeds,T. evansi,Positive Control,NA,25,0,FALSE,NA
M. oleifera,seeds,T. evansi,Positive Control,NA,26,0,FALSE,NA
M. oleifera,seeds,T. evansi,Positive Control,NA,27,0,FALSE,NA
M. oleifera,seeds,T. evansi,Positive Control,NA,28,0,FALSE,NA
M. oleifera,seeds,T. evansi,Positive Control,NA,29,0,FALSE,NA
M. oleifera,seeds,T. evansi,Positive Control,NA,30,0,FALSE,NA
M. oleifera,seeds,T. evansi,Positive Control,NA,31,0,FALSE,NA
M. oleifera,seeds,T. evansi,Positive Control,NA,32,0,FALSE,NA
M. oleifera,seeds,T. evansi,Positive Control,NA,33,0,FALSE,NA
M. oleifera,seeds,T. evansi,Positive Control,NA,34,0,FALSE,NA
M. oleifera,seeds,T. evansi,Positive Control,NA,35,0,FALSE,NA
M. oleifera,seeds,T. evansi,Positive Control,NA,36,0,FALSE,NA
M. oleifera,seeds,T. evansi,Positive Control,NA,37,0,FALSE,NA
M. oleifera,seeds,T. evansi,Positive Control,NA,38,0,FALSE,NA
M. oleifera,seeds,T. evansi,Positive Control,NA,39,0,FALSE,NA
M. oleifera,seeds,T. evansi,Positive Control,NA,40,0,FALSE,NA
M. oleifera,roots,T. evansi,100mg/ml,100,1,0,FALSE,NA
M. oleifera,roots,T. evansi,100mg/ml,100,2,0,FALSE,NA
M. oleifera,roots,T. evansi,100mg/ml,100,3,0,FALSE,NA
M. oleifera,roots,T. evansi,100mg/ml,100,4,0,FALSE,NA
M. oleifera,roots,T. evansi,100mg/ml,100,5,0,FALSE,NA
M. oleifera,roots,T. evansi,100mg/ml,100,6,0,FALSE,NA
M. oleifera,roots,T. evansi,100mg/ml,100,7,0,FALSE,NA
M. oleifera,roots,T. evansi,100mg/ml,100,8,0,FALSE,NA
M. oleifera,roots,T. evansi,100mg/ml,100,9,0,FALSE,NA
M. oleifera,roots,T. evansi,100mg/ml,100,10,0,FALSE,NA
M. oleifera,roots,T. evansi,100mg/ml,100,11,0,FALSE,NA
M. oleifera,roots,T. evansi,100mg/ml,100,12,0,FALSE,NA
M. oleifera,roots,T. evansi,100mg/ml,100,13,0,FALSE,NA
M. oleifera,roots,T. evansi,100mg/ml,100,14,0,FALSE,NA
M. oleifera,roots,T. evansi,100mg/ml,100,15,0,FALSE,NA
M. oleifera,roots,T. evansi,100mg/ml,100,16,0,FALSE,NA
M. oleifera,roots,T. evansi,100mg/ml,100,17,0,FALSE,NA
M. oleifera,roots,T. evansi,100mg/ml,100,18,0,FALSE,NA
M. oleifera,roots,T. evansi,100mg/ml,100,19,0,FALSE,NA
M. oleifera,roots,T. evansi,100mg/ml,100,20,0,FALSE,NA
M. oleifera,roots,T. evansi,100mg/ml,100,21,0,FALSE,NA
M. oleifera,roots,T. evansi,100mg/ml,100,22,0,FALSE,NA
M. oleifera,roots,T. evansi,100mg/ml,100,23,0,FALSE,NA
M. oleifera,roots,T. evansi,100mg/ml,100,24,0,FALSE,NA
M. oleifera,roots,T. evansi,100mg/ml,100,25,0,FALSE,NA
M. oleifera,roots,T. evansi,100mg/ml,100,26,0,FALSE,NA
M. oleifera,roots,T. evansi,100mg/ml,100,27,0,FALSE,NA
M. oleifera,roots,T. evansi,100mg/ml,100,28,0,FALSE,NA
M. oleifera,roots,T. evansi,100mg/ml,100,29,0,FALSE,NA
M. oleifera,roots,T. evansi,100mg/ml,100,30,0,FALSE,NA
M. oleifera,roots,T. evansi,100mg/ml,100,31,0,FALSE,NA
M. oleifera,roots,T. evansi,100mg/ml,100,32,0,FALSE,NA
M. oleifera,roots,T. evansi,100mg/ml,100,33,0,FALSE,NA
M. oleifera,roots,T. evansi,100mg/ml,100,34,0,FALSE,NA
M. oleifera,roots,T. evansi,100mg/ml,100,35,0,FALSE,NA
M. oleifera,roots,T. evansi,100mg/ml,100,36,0,FALSE,NA
M. oleifera,roots,T. evansi,100mg/ml,100,37,0,FALSE,NA
M. oleifera,roots,T. evansi,100mg/ml,100,38,0,FALSE,NA
M. oleifera,roots,T. evansi,100mg/ml,100,39,0,FALSE,NA
M. oleifera,roots,T. evansi,100mg/ml,100,40,0,FALSE,NA
M. oleifera,roots,T. evansi,10mg/ml,10,1,0,FALSE,NA
M. oleifera,roots,T. evansi,10mg/ml,10,2,0,FALSE,NA
M. oleifera,roots,T. evansi,10mg/ml,10,3,0,FALSE,NA
M. oleifera,roots,T. evansi,10mg/ml,10,4,0,FALSE,NA
M. oleifera,roots,T. evansi,10mg/ml,10,5,0,FALSE,NA
M. oleifera,roots,T. evansi,10mg/ml,10,6,0,FALSE,NA
M. oleifera,roots,T. evansi,10mg/ml,10,7,0,FALSE,NA
M. oleifera,roots,T. evansi,10mg/ml,10,8,0,FALSE,NA
M. oleifera,roots,T. evansi,10mg/ml,10,9,0,FALSE,NA
M. oleifera,roots,T. evansi,10mg/ml,10,10,0,FALSE,NA
M. oleifera,roots,T. evansi,10mg/ml,10,11,0,FALSE,NA
M. oleifera,roots,T. evansi,10mg/ml,10,12,0,FALSE,NA
M. oleifera,roots,T. evansi,10mg/ml,10,13,0,FALSE,NA
M. oleifera,roots,T. evansi,10mg/ml,10,14,0,FALSE,NA
M. oleifera,roots,T. evansi,10mg/ml,10,15,0,FALSE,NA
M. oleifera,roots,T. evansi,10mg/ml,10,16,0,FALSE,NA
M. oleifera,roots,T. evansi,10mg/ml,10,17,0,FALSE,NA
M. oleifera,roots,T. evansi,10mg/ml,10,18,0,FALSE,NA
M. oleifera,roots,T. evansi,10mg/ml,10,19,0,FALSE,NA
M. oleifera,roots,T. evansi,10mg/ml,10,20,0,FALSE,NA
M. oleifera,roots,T. evansi,10mg/ml,10,21,0,FALSE,NA
M. oleifera,roots,T. evansi,10mg/ml,10,22,0,FALSE,NA
M. oleifera,roots,T. evansi,10mg/ml,10,23,0,FALSE,NA
M. oleifera,roots,T. evansi,10mg/ml,10,24,0,FALSE,NA
M. oleifera,roots,T. evansi,10mg/ml,10,25,0,FALSE,NA
M. oleifera,roots,T. evansi,10mg/ml,10,26,0,FALSE,NA
M. oleifera,roots,T. evansi,10mg/ml,10,27,0,FALSE,NA
M. oleifera,roots,T. evansi,10mg/ml,10,28,0,FALSE,NA
M. oleifera,roots,T. evansi,10mg/ml,10,29,0,FALSE,NA
M. oleifera,roots,T. evansi,10mg/ml,10,30,0,FALSE,NA
M. oleifera,roots,T. evansi,10mg/ml,10,31,0,FALSE,NA
M. oleifera,roots,T. evansi,10mg/ml,10,32,0,FALSE,NA
M. oleifera,roots,T. evansi,10mg/ml,10,33,0,FALSE,NA
M. oleifera,roots,T. evansi,10mg/ml,10,34,0,FALSE,NA
M. oleifera,roots,T. evansi,10mg/ml,10,35,0,FALSE,NA
M. oleifera,roots,T. evansi,10mg/ml,10,36,0,FALSE,NA
M. oleifera,roots,T. evansi,10mg/ml,10,37,0,FALSE,NA
M. oleifera,roots,T. evansi,10mg/ml,10,38,0,FALSE,NA
M. oleifera,roots,T. evansi,10mg/ml,10,39,0,FALSE,NA
M. oleifera,roots,T. evansi,10mg/ml,10,40,0,FALSE,NA
M. oleifera,roots,T. evansi,0.5mg/ml,0.5,1,0,FALSE,NA
M. oleifera,roots,T. evansi,0.5mg/ml,0.5,2,0,FALSE,NA
M. oleifera,roots,T. evansi,0.5mg/ml,0.5,3,0,FALSE,NA
M. oleifera,roots,T. evansi,0.5mg/ml,0.5,4,0,FALSE,NA
M. oleifera,roots,T. evansi,0.5mg/ml,0.5,5,0,FALSE,NA
M. oleifera,roots,T. evansi,0.5mg/ml,0.5,6,0,FALSE,NA
M. oleifera,roots,T. evansi,0.5mg/ml,0.5,7,0,FALSE,NA
M. oleifera,roots,T. evansi,0.5mg/ml,0.5,8,0,FALSE,NA
M. oleifera,roots,T. evansi,0.5mg/ml,0.5,9,0,FALSE,NA
M. oleifera,roots,T. evansi,0.5mg/ml,0.5,10,0,FALSE,NA
M. oleifera,roots,T. evansi,0.5mg/ml,0.5,11,0,FALSE,NA
M. oleifera,roots,T. evansi,0.5mg/ml,0.5,12,0,FALSE,NA
M. oleifera,roots,T. evansi,0.5mg/ml,0.5,13,0,FALSE,NA
M. oleifera,roots,T. evansi,0.5mg/ml,0.5,14,0,FALSE,NA
M. oleifera,roots,T. evansi,0.5mg/ml,0.5,15,0,FALSE,NA
M. oleifera,roots,T. evansi,0.5mg/ml,0.5,16,0,FALSE,NA
M. oleifera,roots,T. evansi,0.5mg/ml,0.5,17,0,FALSE,NA
M. oleifera,roots,T. evansi,0.5mg/ml,0.5,18,0,FALSE,NA
M. oleifera,roots,T. evansi,0.5mg/ml,0.5,19,0,FALSE,NA
M. oleifera,roots,T. evansi,0.5mg/ml,0.5,20,0,FALSE,NA
M. oleifera,roots,T. evansi,0.5mg/ml,0.5,21,0,FALSE,NA
M. oleifera,roots,T. evansi,0.5mg/ml,0.5,22,0,FALSE,NA
M. oleifera,roots,T. evansi,0.5mg/ml,0.5,23,0,FALSE,NA
M. oleifera,roots,T. evansi,0.5mg/ml,0.5,24,0,FALSE,NA
M. oleifera,roots,T. evansi,0.5mg/ml,0.5,25,0,FALSE,NA
M. oleifera,roots,T. evansi,0.5mg/ml,0.5,26,0,FALSE,NA
M. oleifera,roots,T. evansi,0.5mg/ml,0.5,27,0,FALSE,NA
M. oleifera,roots,T. evansi,0.5mg/ml,0.5,28,0,FALSE,NA
M. oleifera,roots,T. evansi,0.5mg/ml,0.5,29,0,FALSE,NA
M. oleifera,roots,T. evansi,0.5mg/ml,0.5,30,0,FALSE,NA
M. oleifera,roots,T. evansi,0.5mg/ml,0.5,31,0,FALSE,NA
M. oleifera,roots,T. evansi,0.5mg/ml,0.5,32,0,FALSE,NA
M. oleifera,roots,T. evansi,0.5mg/ml,0.5,33,0,FALSE,NA
M. oleifera,roots,T. evansi,0.5mg/ml,0.5,34,0,FALSE,NA
M. oleifera,roots,T. evansi,0.5mg/ml,0.5,35,0,FALSE,NA
M. oleifera,roots,T. evansi,0.5mg/ml,0.5,36,0,FALSE,NA
M. oleifera,roots,T. evansi,0.5mg/ml,0.5,37,0,FALSE,NA
M. oleifera,roots,T. evansi,0.5mg/ml,0.5,38,0,FALSE,NA
M. oleifera,roots,T. evansi,0.5mg/ml,0.5,39,0,FALSE,NA
M. oleifera,roots,T. evansi,0.5mg/ml,0.5,40,0,FALSE,NA
M. oleifera,roots,T. evansi,0.01mg/ml,0.01,1,0,FALSE,NA
M. oleifera,roots,T. evansi,0.01mg/ml,0.01,2,0,FALSE,NA
M. oleifera,roots,T. evansi,0.01mg/ml,0.01,3,0,FALSE,NA
M. oleifera,roots,T. evansi,0.01mg/ml,0.01,4,0,FALSE,NA
M. oleifera,roots,T. evansi,0.01mg/ml,0.01,5,0,FALSE,NA
M. oleifera,roots,T. evansi,0.01mg/ml,0.01,6,0,FALSE,NA
M. oleifera,roots,T. evansi,0.01mg/ml,0.01,7,0,FALSE,NA
M. oleifera,roots,T. evansi,0.01mg/ml,0.01,8,0,FALSE,NA
M. oleifera,roots,T. evansi,0.01mg/ml,0.01,9,0,FALSE,NA
M. oleifera,roots,T. evansi,0.01mg/ml,0.01,10,0,FALSE,NA
M. oleifera,roots,T. evansi,0.01mg/ml,0.01,11,0,FALSE,NA
M. oleifera,roots,T. evansi,0.01mg/ml,0.01,12,0,FALSE,NA
M. oleifera,roots,T. evansi,0.01mg/ml,0.01,13,0,FALSE,NA
M. oleifera,roots,T. evansi,0.01mg/ml,0.01,14,0,FALSE,NA
M. oleifera,roots,T. evansi,0.01mg/ml,0.01,15,0,FALSE,NA
M. oleifera,roots,T. evansi,0.01mg/ml,0.01,16,0,FALSE,NA
M. oleifera,roots,T. evansi,0.01mg/ml,0.01,17,0,FALSE,NA
M. oleifera,roots,T. evansi,0.01mg/ml,0.01,18,0,FALSE,NA
M. oleifera,roots,T. evansi,0.01mg/ml,0.01,19,0,FALSE,NA
M. oleifera,roots,T. evansi,0.01mg/ml,0.01,20,0,FALSE,NA
M. oleifera,roots,T. evansi,0.01mg/ml,0.01,21,0,FALSE,NA
M. oleifera,roots,T. evansi,0.01mg/ml,0.01,22,0,FALSE,NA
M. oleifera,roots,T. evansi,0.01mg/ml,0.01,23,0,FALSE,NA
M. oleifera,roots,T. evansi,0.01mg/ml,0.01,24,0,FALSE,NA
M. oleifera,roots,T. evansi,0.01mg/ml,0.01,25,0,FALSE,NA
M. oleifera,roots,T. evansi,0.01mg/ml,0.01,26,0,FALSE,NA
M. oleifera,roots,T. evansi,0.01mg/ml,0.01,27,0,FALSE,NA
M. oleifera,roots,T. evansi,0.01mg/ml,0.01,28,0,FALSE,NA
M. oleifera,roots,T. evansi,0.01mg/ml,0.01,29,0,FALSE,NA
M. oleifera,roots,T. evansi,0.01mg/ml,0.01,30,0,FALSE,NA
M. oleifera,roots,T. evansi,0.01mg/ml,0.01,31,0,FALSE,NA
M. oleifera,roots,T. evansi,0.01mg/ml,0.01,32,0,FALSE,NA
M. oleifera,roots,T. evansi,0.01mg/ml,0.01,33,0,FALSE,NA
M. oleifera,roots,T. evansi,0.01mg/ml,0.01,34,0,FALSE,NA
M. oleifera,roots,T. evansi,0.01mg/ml,0.01,35,0,FALSE,NA
M. oleifera,roots,T. evansi,0.01mg/ml,0.01,36,0,FALSE,NA
M. oleifera,roots,T. evansi,0.01mg/ml,0.01,37,0,FALSE,NA
M. oleifera,roots,T. evansi,0.01mg/ml,0.01,38,0,FALSE,NA
M. oleifera,roots,T. evansi,0.01mg/ml,0.01,39,0,FALSE,NA
M. oleifera,roots,T. evansi,0.01mg/ml,0.01,40,0,FALSE,NA
M. oleifera,roots,T. evansi,0.005mg/ml,0.005,1,0,FALSE,NA
M. oleifera,roots,T. evansi,0.005mg/ml,0.005,2,0,FALSE,NA
M. oleifera,roots,T. evansi,0.005mg/ml,0.005,3,0,FALSE,NA
M. oleifera,roots,T. evansi,0.005mg/ml,0.005,4,0,FALSE,NA
M. oleifera,roots,T. evansi,0.005mg/ml,0.005,5,0,FALSE,NA
M. oleifera,roots,T. evansi,0.005mg/ml,0.005,6,0,FALSE,NA
M. oleifera,roots,T. evansi,0.005mg/ml,0.005,7,0,FALSE,NA
M. oleifera,roots,T. evansi,0.005mg/ml,0.005,8,0,FALSE,NA
M. oleifera,roots,T. evansi,0.005mg/ml,0.005,9,0,FALSE,NA
M. oleifera,roots,T. evansi,0.005mg/ml,0.005,10,0,FALSE,NA
M. oleifera,roots,T. evansi,0.005mg/ml,0.005,11,0,FALSE,NA
M. oleifera,roots,T. evansi,0.005mg/ml,0.005,12,0,FALSE,NA
M. oleifera,roots,T. evansi,0.005mg/ml,0.005,13,0,FALSE,NA
M. oleifera,roots,T. evansi,0.005mg/ml,0.005,14,0,FALSE,NA
M. oleifera,roots,T. evansi,0.005mg/ml,0.005,15,0,FALSE,NA
M. oleifera,roots,T. evansi,0.005mg/ml,0.005,16,0,FALSE,NA
M. oleifera,roots,T. evansi,0.005mg/ml,0.005,17,0,FALSE,NA
M. oleifera,roots,T. evansi,0.005mg/ml,0.005,18,0,FALSE,NA
M. oleifera,roots,T. evansi,0.005mg/ml,0.005,19,0,FALSE,NA
M. oleifera,roots,T. evansi,0.005mg/ml,0.005,20,0,FALSE,NA
M. oleifera,roots,T. evansi,0.005mg/ml,0.005,21,0,FALSE,NA
M. oleifera,roots,T. evansi,0.005mg/ml,0.005,22,0,FALSE,NA
M. oleifera,roots,T. evansi,0.005mg/ml,0.005,23,0,FALSE,NA
M. oleifera,roots,T. evansi,0.005mg/ml,0.005,24,0,FALSE,NA
M. oleifera,roots,T. evansi,0.005mg/ml,0.005,25,0,FALSE,NA
M. oleifera,roots,T. evansi,0.005mg/ml,0.005,26,0,FALSE,NA
M. oleifera,roots,T. evansi,0.005mg/ml,0.005,27,0,FALSE,NA
M. oleifera,roots,T. evansi,0.005mg/ml,0.005,28,0,FALSE,NA
M. oleifera,roots,T. evansi,0.005mg/ml,0.005,29,0,FALSE,NA
M. oleifera,roots,T. evansi,0.005mg/ml,0.005,30,0,FALSE,NA
M. oleifera,roots,T. evansi,0.005mg/ml,0.005,31,0,FALSE,NA
M. oleifera,roots,T. evansi,0.005mg/ml,0.005,32,0,FALSE,NA
M. oleifera,roots,T. evansi,0.005mg/ml,0.005,33,0,FALSE,NA
M. oleifera,roots,T. evansi,0.005mg/ml,0.005,34,0,FALSE,NA
M. oleifera,roots,T. evansi,0.005mg/ml,0.005,35,0,FALSE,NA
M. oleifera,roots,T. evansi,0.005mg/ml,0.005,36,0,FALSE,NA
M. oleifera,roots,T. evansi,0.005mg/ml,0.005,37,0,FALSE,NA
M. oleifera,roots,T. evansi,0.005mg/ml,0.005,38,0,FALSE,NA
M. oleifera,roots,T. evansi,0.005mg/ml,0.005,39,0,FALSE,NA
M. oleifera,roots,T. evansi,0.005mg/ml,0.005,40,0,FALSE,NA
M. oleifera,roots,T. evansi,Negative Control,NA,1,0,FALSE,NA
M. oleifera,roots,T. evansi,Negative Control,NA,2,0,FALSE,NA
M. oleifera,roots,T. evansi,Negative Control,NA,3,0,FALSE,NA
M. oleifera,roots,T. evansi,Negative Control,NA,4,0,FALSE,NA
M. oleifera,roots,T. evansi,Negative Control,NA,5,0,FALSE,NA
M. oleifera,roots,T. evansi,Negative Control,NA,6,0,FALSE,NA
M. oleifera,roots,T. evansi,Negative Control,NA,7,1.17,FALSE,NA
M. oleifera,roots,T. evansi,Negative Control,NA,8,2.66,FALSE,NA
M. oleifera,roots,T. evansi,Negative Control,NA,9,2.79,FALSE,NA
M. oleifera,roots,T. evansi,Negative Control,NA,10,3.4,FALSE,NA
M. oleifera,roots,T. evansi,Negative Control,NA,11,3.72,FALSE,NA
M. oleifera,roots,T. evansi,Negative Control,NA,12,3.63,FALSE,NA
M. oleifera,roots,T. evansi,Negative Control,NA,13,2.33,FALSE,NA
M. oleifera,roots,T. evansi,Negative Control,NA,14,3.7,FALSE,NA
M. oleifera,roots,T. evansi,Negative Control,NA,15,3.43,FALSE,NA
M. oleifera,roots,T. evansi,Negative Control,NA,16,2.16,FALSE,NA
M. oleifera,roots,T. evansi,Negative Control,NA,17,2,FALSE,NA
M. oleifera,roots,T. evansi,Negative Control,NA,18,NA,TRUE,NA
M. oleifera,roots,T. evansi,Negative Control,NA,19,1.49,FALSE,NA
M. oleifera,roots,T. evansi,Negative Control,NA,20,1.67,FALSE,NA
M. oleifera,roots,T. evansi,Negative Control,NA,21,2.59,FALSE,NA
M. oleifera,roots,T. evansi,Negative Control,NA,22,2.6,FALSE,NA
M. oleifera,roots,T. evansi,Negative Control,NA,23,2.6,FALSE,NA
M. oleifera,roots,T. evansi,Negative Control,NA,24,1.74,FALSE,NA
M. oleifera,roots,T. evansi,Negative Control,NA,25,3.5,FALSE,NA
M. oleifera,roots,T. evansi,Negative Control,NA,26,3.15,FALSE,NA
M. oleifera,roots,T. evansi,Negative Control,NA,27,3,FALSE,NA
M. oleifera,roots,T. evansi,Negative Control,NA,28,2.65,FALSE,NA
M. oleifera,roots,T. evansi,Negative Control,NA,29,2.5,FALSE,NA
M. oleifera,roots,T. evansi,Negative Control,NA,30,1.5,FALSE,NA
M. oleifera,roots,T. evansi,Negative Control,NA,31,2.5,FALSE,NA
M. oleifera,roots,T. evansi,Negative Control,NA,32,2,FALSE,NA
M. oleifera,roots,T. evansi,Negative Control,NA,33,4.19,FALSE,NA
M. oleifera,roots,T. evansi,Negative Control,NA,34,4.84,FALSE,NA
M. oleifera,roots,T. evansi,Negative Control,NA,35,5,FALSE,NA
M. oleifera,roots,T. evansi,Negative Control,NA,36,5,FALSE,NA
M. oleifera,roots,T. evansi,Negative Control,NA,37,5,FALSE,NA
M. oleifera,roots,T. evansi,Negative Control,NA,38,5,FALSE,NA
M. oleifera,roots,T. evansi,Negative Control,NA,39,5,FALSE,NA
M. oleifera,roots,T. evansi,Negative Control,NA,40,NA,TRUE,NA
M. oleifera,roots,T. evansi,Positive Control,NA,1,0,FALSE,NA
M. oleifera,roots,T. evansi,Positive Control,NA,2,0,FALSE,NA
M. oleifera,roots,T. evansi,Positive Control,NA,3,0,FALSE,NA
M. oleifera,roots,T. evansi,Positive Control,NA,4,0,FALSE,NA
M. oleifera,roots,T. evansi,Positive Control,NA,5,0,FALSE,NA
M. oleifera,roots,T. evansi,Positive Control,NA,6,0,FALSE,NA
M. oleifera,roots,T. evansi,Positive Control,NA,7,0,FALSE,NA
M. oleifera,roots,T. evansi,Positive Control,NA,8,0,FALSE,NA
M. oleifera,roots,T. evansi,Positive Control,NA,9,0,FALSE,NA
M. oleifera,roots,T. evansi,Positive Control,NA,10,0,FALSE,NA
M. oleifera,roots,T. evansi,Positive Control,NA,11,0,FALSE,NA
M. oleifera,roots,T. evansi,Positive Control,NA,12,0,FALSE,NA
M. oleifera,roots,T. evansi,Positive Control,NA,13,0,FALSE,NA
M. oleifera,roots,T. evansi,Positive Control,NA,14,0,FALSE,NA
M. oleifera,roots,T. evansi,Positive Control,NA,15,0,FALSE,NA
M. oleifera,roots,T. evansi,Positive Control,NA,16,0,FALSE,NA
M. oleifera,roots,T. evansi,Positive Control,NA,17,0,FALSE,NA
M. oleifera,roots,T. evansi,Positive Control,NA,18,0,FALSE,NA
M. oleifera,roots,T. evansi,Positive Control,NA,19,0,FALSE,NA
M. oleifera,roots,T. evansi,Positive Control,NA,20,0,FALSE,NA
M. oleifera,roots,T. evansi,Positive Control,NA,21,0,FALSE,NA
M. oleifera,roots,T. evansi,Positive Control,NA,22,0,FALSE,NA
M. oleifera,roots,T. evansi,Positive Control,NA,23,0,FALSE,NA
M. oleifera,roots,T. evansi,Positive Control,NA,24,0,FALSE,NA
M. oleifera,roots,T. evansi,Positive Control,NA,25,0,FALSE,NA
M. oleifera,roots,T. evansi,Positive Control,NA,26,0,FALSE,NA
M. oleifera,roots,T. evansi,Positive Control,NA,27,0,FALSE,NA
M. oleifera,roots,T. evansi,Positive Control,NA,28,0,FALSE,NA
M. oleifera,roots,T. evansi,Positive Control,NA,29,0,FALSE,NA
M. oleifera,roots,T. evansi,Positive Control,NA,30,0,FALSE,NA
M. oleifera,roots,T. evansi,Positive Control,NA,31,0,FALSE,NA
M. oleifera,roots,T. evansi,Positive Control,NA,32,0,FALSE,NA
M. oleifera,roots,T. evansi,Positive Control,NA,33,0,FALSE,NA
M. oleifera,roots,T. evansi,Positive Control,NA,34,0,FALSE,NA
M. oleifera,roots,T. evansi,Positive Control,NA,35,0,FALSE,NA
M. oleifera,roots,T. evansi,Positive Control,NA,36,0,FALSE,NA
M. oleifera,roots,T. evansi,Positive Control,NA,37,0,FALSE,NA
M. oleifera,roots,T. evansi,Positive Control,NA,38,0,FALSE,NA
M. oleifera,roots,T. evansi,Positive Control,NA,39,0,FALSE,NA
M. oleifera,roots,T. evansi,Positive Control,NA,40,0,FALSE,NA
M. oleifera,stem bark,T. evansi,100mg/ml,100,1,0,FALSE,NA
M. oleifera,stem bark,T. evansi,100mg/ml,100,2,0,FALSE,NA
M. oleifera,stem bark,T. evansi,100mg/ml,100,3,0,FALSE,NA
M. oleifera,stem bark,T. evansi,100mg/ml,100,4,0,FALSE,NA
M. oleifera,stem bark,T. evansi,100mg/ml,100,5,0,FALSE,NA
M. oleifera,stem bark,T. evansi,100mg/ml,100,6,0,FALSE,NA
M. oleifera,stem bark,T. evansi,100mg/ml,100,7,0,FALSE,NA
M. oleifera,stem bark,T. evansi,100mg/ml,100,8,0,FALSE,NA
M. oleifera,stem bark,T. evansi,100mg/ml,100,9,0,FALSE,NA
M. oleifera,stem bark,T. evansi,100mg/ml,100,10,0,FALSE,NA
M. oleifera,stem bark,T. evansi,100mg/ml,100,11,0,FALSE,NA
M. oleifera,stem bark,T. evansi,100mg/ml,100,12,0,FALSE,NA
M. oleifera,stem bark,T. evansi,100mg/ml,100,13,0,FALSE,NA
M. oleifera,stem bark,T. evansi,100mg/ml,100,14,0,FALSE,NA
M. oleifera,stem bark,T. evansi,100mg/ml,100,15,0,FALSE,NA
M. oleifera,stem bark,T. evansi,100mg/ml,100,16,0,FALSE,NA
M. oleifera,stem bark,T. evansi,100mg/ml,100,17,0,FALSE,NA
M. oleifera,stem bark,T. evansi,100mg/ml,100,18,0,FALSE,NA
M. oleifera,stem bark,T. evansi,100mg/ml,100,19,0,FALSE,NA
M. oleifera,stem bark,T. evansi,100mg/ml,100,20,0,FALSE,NA
M. oleifera,stem bark,T. evansi,100mg/ml,100,21,0,FALSE,NA
M. oleifera,stem bark,T. evansi,100mg/ml,100,22,0,FALSE,NA
M. oleifera,stem bark,T. evansi,100mg/ml,100,23,0,FALSE,NA
M. oleifera,stem bark,T. evansi,100mg/ml,100,24,0,FALSE,NA
M. oleifera,stem bark,T. evansi,100mg/ml,100,25,0,FALSE,NA
M. oleifera,stem bark,T. evansi,100mg/ml,100,26,0,FALSE,NA
M. oleifera,stem bark,T. evansi,100mg/ml,100,27,0,FALSE,NA
M. oleifera,stem bark,T. evansi,100mg/ml,100,28,0,FALSE,NA
M. oleifera,stem bark,T. evansi,100mg/ml,100,29,0,FALSE,NA
M. oleifera,stem bark,T. evansi,100mg/ml,100,30,0,FALSE,NA
M. oleifera,stem bark,T. evansi,100mg/ml,100,31,0,FALSE,NA
M. oleifera,stem bark,T. evansi,100mg/ml,100,32,0,FALSE,NA
M. oleifera,stem bark,T. evansi,100mg/ml,100,33,0,FALSE,NA
M. oleifera,stem bark,T. evansi,100mg/ml,100,34,0,FALSE,NA
M. oleifera,stem bark,T. evansi,100mg/ml,100,35,0,FALSE,NA
M. oleifera,stem bark,T. evansi,100mg/ml,100,36,0,FALSE,NA
M. oleifera,stem bark,T. evansi,100mg/ml,100,37,0,FALSE,NA
M. oleifera,stem bark,T. evansi,100mg/ml,100,38,0,FALSE,NA
M. oleifera,stem bark,T. evansi,100mg/ml,100,39,0,FALSE,NA
M. oleifera,stem bark,T. evansi,100mg/ml,100,40,0,FALSE,NA
M. oleifera,stem bark,T. evansi,10mg/ml,10,1,0,FALSE,NA
M. oleifera,stem bark,T. evansi,10mg/ml,10,2,0,FALSE,NA
M. oleifera,stem bark,T. evansi,10mg/ml,10,3,0,FALSE,NA
M. oleifera,stem bark,T. evansi,10mg/ml,10,4,0,FALSE,NA
M. oleifera,stem bark,T. evansi,10mg/ml,10,5,0,FALSE,NA
M. oleifera,stem bark,T. evansi,10mg/ml,10,6,0,FALSE,NA
M. oleifera,stem bark,T. evansi,10mg/ml,10,7,0,FALSE,NA
M. oleifera,stem bark,T. evansi,10mg/ml,10,8,0,FALSE,NA
M. oleifera,stem bark,T. evansi,10mg/ml,10,9,0,FALSE,NA
M. oleifera,stem bark,T. evansi,10mg/ml,10,10,0,FALSE,NA
M. oleifera,stem bark,T. evansi,10mg/ml,10,11,0,FALSE,NA
M. oleifera,stem bark,T. evansi,10mg/ml,10,12,0,FALSE,NA
M. oleifera,stem bark,T. evansi,10mg/ml,10,13,0,FALSE,NA
M. oleifera,stem bark,T. evansi,10mg/ml,10,14,0,FALSE,NA
M. oleifera,stem bark,T. evansi,10mg/ml,10,15,0,FALSE,NA
M. oleifera,stem bark,T. evansi,10mg/ml,10,16,0,FALSE,NA
M. oleifera,stem bark,T. evansi,10mg/ml,10,17,0,FALSE,NA
M. oleifera,stem bark,T. evansi,10mg/ml,10,18,0,FALSE,NA
M. oleifera,stem bark,T. evansi,10mg/ml,10,19,0,FALSE,NA
M. oleifera,stem bark,T. evansi,10mg/ml,10,20,0,FALSE,NA
M. oleifera,stem bark,T. evansi,10mg/ml,10,21,0,FALSE,NA
M. oleifera,stem bark,T. evansi,10mg/ml,10,22,0,FALSE,NA
M. oleifera,stem bark,T. evansi,10mg/ml,10,23,0,FALSE,NA
M. oleifera,stem bark,T. evansi,10mg/ml,10,24,0,FALSE,NA
M. oleifera,stem bark,T. evansi,10mg/ml,10,25,0,FALSE,NA
M. oleifera,stem bark,T. evansi,10mg/ml,10,26,0,FALSE,NA
M. oleifera,stem bark,T. evansi,10mg/ml,10,27,0,FALSE,NA
M. oleifera,stem bark,T. evansi,10mg/ml,10,28,0,FALSE,NA
M. oleifera,stem bark,T. evansi,10mg/ml,10,29,0,FALSE,NA
M. oleifera,stem bark,T. evansi,10mg/ml,10,30,0,FALSE,NA
M. oleifera,stem bark,T. evansi,10mg/ml,10,31,0,FALSE,NA
M. oleifera,stem bark,T. evansi,10mg/ml,10,32,0,FALSE,NA
M. oleifera,stem bark,T. evansi,10mg/ml,10,33,0,FALSE,NA
M. oleifera,stem bark,T. evansi,10mg/ml,10,34,0,FALSE,NA
M. oleifera,stem bark,T. evansi,10mg/ml,10,35,0,FALSE,NA
M. oleifera,stem bark,T. evansi,10mg/ml,10,36,0,FALSE,NA
M. oleifera,stem bark,T. evansi,10mg/ml,10,37,0,FALSE,NA
M. oleifera,stem bark,T. evansi,10mg/ml,10,38,0,FALSE,NA
M. oleifera,stem bark,T. evansi,10mg/ml,10,39,0,FALSE,NA
M. oleifera,stem bark,T. evansi,10mg/ml,10,40,0,FALSE,NA
M. oleifera,stem bark,T. evansi,0.5mg/ml,0.5,1,0,FALSE,NA
M. oleifera,stem bark,T. evansi,0.5mg/ml,0.5,2,0,FALSE,NA
M. oleifera,stem bark,T. evansi,0.5mg/ml,0.5,3,0,FALSE,NA
M. oleifera,stem bark,T. evansi,0.5mg/ml,0.5,4,0,FALSE,NA
M. oleifera,stem bark,T. evansi,0.5mg/ml,0.5,5,0,FALSE,NA
M. oleifera,stem bark,T. evansi,0.5mg/ml,0.5,6,0,FALSE,NA
M. oleifera,stem bark,T. evansi,0.5mg/ml,0.5,7,0,FALSE,NA
M. oleifera,stem bark,T. evansi,0.5mg/ml,0.5,8,0,FALSE,NA
M. oleifera,stem bark,T. evansi,0.5mg/ml,0.5,9,0,FALSE,NA
M. oleifera,stem bark,T. evansi,0.5mg/ml,0.5,10,0,FALSE,NA
M. oleifera,stem bark,T. evansi,0.5mg/ml,0.5,11,0,FALSE,NA
M. oleifera,stem bark,T. evansi,0.5mg/ml,0.5,12,0,FALSE,NA
M. oleifera,stem bark,T. evansi,0.5mg/ml,0.5,13,0,FALSE,NA
M. oleifera,stem bark,T. evansi,0.5mg/ml,0.5,14,0,FALSE,NA
M. oleifera,stem bark,T. evansi,0.5mg/ml,0.5,15,0,FALSE,NA
M. oleifera,stem bark,T. evansi,0.5mg/ml,0.5,16,0,FALSE,NA
M. oleifera,stem bark,T. evansi,0.5mg/ml,0.5,17,0,FALSE,NA
M. oleifera,stem bark,T. evansi,0.5mg/ml,0.5,18,0,FALSE,NA
M. oleifera,stem bark,T. evansi,0.5mg/ml,0.5,19,0,FALSE,NA
M. oleifera,stem bark,T. evansi,0.5mg/ml,0.5,20,0,FALSE,NA
M. oleifera,stem bark,T. evansi,0.5mg/ml,0.5,21,0,FALSE,NA
M. oleifera,stem bark,T. evansi,0.5mg/ml,0.5,22,0,FALSE,NA
M. oleifera,stem bark,T. evansi,0.5mg/ml,0.5,23,0,FALSE,NA
M. oleifera,stem bark,T. evansi,0.5mg/ml,0.5,24,0,FALSE,NA
M. oleifera,stem bark,T. evansi,0.5mg/ml,0.5,25,0,FALSE,NA
M. oleifera,stem bark,T. evansi,0.5mg/ml,0.5,26,0,FALSE,NA
M. oleifera,stem bark,T. evansi,0.5mg/ml,0.5,27,0,FALSE,NA
M. oleifera,stem bark,T. evansi,0.5mg/ml,0.5,28,0,FALSE,NA
M. oleifera,stem bark,T. evansi,0.5mg/ml,0.5,29,0,FALSE,NA
M. oleifera,stem bark,T. evansi,0.5mg/ml,0.5,30,0,FALSE,NA
M. oleifera,stem bark,T. evansi,0.5mg/ml,0.5,31,0,FALSE,NA
M. oleifera,stem bark,T. evansi,0.5mg/ml,0.5,32,0,FALSE,NA
M. oleifera,stem bark,T. evansi,0.5mg/ml,0.5,33,0,FALSE,NA
M. oleifera,stem bark,T. evansi,0.5mg/ml,0.5,34,0,FALSE,NA
M. oleifera,stem bark,T. evansi,0.5mg/ml,0.5,35,0,FALSE,NA
M. oleifera,stem bark,T. evansi,0.5mg/ml,0.5,36,0,FALSE,NA
M. oleifera,stem bark,T. evansi,0.5mg/ml,0.5,37,0,FALSE,NA
M. oleifera,stem bark,T. evansi,0.5mg/ml,0.5,38,0,FALSE,NA
M. oleifera,stem bark,T. evansi,0.5mg/ml,0.5,39,0,FALSE,NA
M. oleifera,stem bark,T. evansi,0.5mg/ml,0.5,40,0,FALSE,NA
M. oleifera,stem bark,T. evansi,0.01mg/ml,0.01,1,0,FALSE,NA
M. oleifera,stem bark,T. evansi,0.01mg/ml,0.01,2,0,FALSE,NA
M. oleifera,stem bark,T. evansi,0.01mg/ml,0.01,3,0,FALSE,NA
M. oleifera,stem bark,T. evansi,0.01mg/ml,0.01,4,0,FALSE,NA
M. oleifera,stem bark,T. evansi,0.01mg/ml,0.01,5,0,FALSE,NA
M. oleifera,stem bark,T. evansi,0.01mg/ml,0.01,6,1,FALSE,NA
M. oleifera,stem bark,T. evansi,0.01mg/ml,0.01,7,1.17,FALSE,NA
M. oleifera,stem bark,T. evansi,0.01mg/ml,0.01,8,2.63,FALSE,NA
M. oleifera,stem bark,T. evansi,0.01mg/ml,0.01,9,3.56,FALSE,NA
M. oleifera,stem bark,T. evansi,0.01mg/ml,0.01,10,3.98,FALSE,NA
M. oleifera,stem bark,T. evansi,0.01mg/ml,0.01,11,4.42,FALSE,NA
M. oleifera,stem bark,T. evansi,0.01mg/ml,0.01,12,4.62,FALSE,NA
M. oleifera,stem bark,T. evansi,0.01mg/ml,0.01,13,4.89,FALSE,NA
M. oleifera,stem bark,T. evansi,0.01mg/ml,0.01,14,5,FALSE,NA
M. oleifera,stem bark,T. evansi,0.01mg/ml,0.01,15,5,FALSE,NA
M. oleifera,stem bark,T. evansi,0.01mg/ml,0.01,16,5,FALSE,NA
M. oleifera,stem bark,T. evansi,0.01mg/ml,0.01,17,5,FALSE,NA
M. oleifera,stem bark,T. evansi,0.01mg/ml,0.01,18,5,FALSE,NA
M. oleifera,stem bark,T. evansi,0.01mg/ml,0.01,19,3,FALSE,NA
M. oleifera,stem bark,T. evansi,0.01mg/ml,0.01,20,4,FALSE,NA
M. oleifera,stem bark,T. evansi,0.01mg/ml,0.01,21,4.9,FALSE,NA
M. oleifera,stem bark,T. evansi,0.01mg/ml,0.01,22,5,FALSE,NA
M. oleifera,stem bark,T. evansi,0.01mg/ml,0.01,23,5,FALSE,NA
M. oleifera,stem bark,T. evansi,0.01mg/ml,0.01,24,5,FALSE,NA
M. oleifera,stem bark,T. evansi,0.01mg/ml,0.01,25,5,FALSE,NA
M. oleifera,stem bark,T. evansi,0.01mg/ml,0.01,26,5,FALSE,NA
M. oleifera,stem bark,T. evansi,0.01mg/ml,0.01,27,NA,TRUE,NA
M. oleifera,stem bark,T. evansi,0.01mg/ml,0.01,28,NA,TRUE,NA
M. oleifera,stem bark,T. evansi,0.01mg/ml,0.01,29,NA,TRUE,NA
M. oleifera,stem bark,T. evansi,0.01mg/ml,0.01,30,NA,TRUE,NA
M. oleifera,stem bark,T. evansi,0.01mg/ml,0.01,31,NA,TRUE,NA
M. oleifera,stem bark,T. evansi,0.01mg/ml,0.01,32,NA,TRUE,NA
M. oleifera,stem bark,T. evansi,0.01mg/ml,0.01,33,NA,TRUE,NA
M. oleifera,stem bark,T. evansi,0.01mg/ml,0.01,34,NA,TRUE,NA
M. oleifera,stem bark,T. evansi,0.01mg/ml,0.01,35,NA,TRUE,NA
M. oleifera,stem bark,T. evansi,0.01mg/ml,0.01,36,NA,TRUE,NA
M. oleifera,stem bark,T. evansi,0.01mg/ml,0.01,37,NA,TRUE,NA
M. oleifera,stem bark,T. evansi,0.01mg/ml,0.01,38,NA,TRUE,NA
M. oleifera,stem bark,T. evansi,0.01mg/ml,0.01,39,NA,TRUE,NA
M. oleifera,stem bark,T. evansi,0.01mg/ml,0.01,40,NA,TRUE,NA
M. oleifera,stem bark,T. evansi,0.005mg/ml,0.005,1,0,FALSE,NA
M. oleifera,stem bark,T. evansi,0.005mg/ml,0.005,2,0,FALSE,NA
M. oleifera,stem bark,T. evansi,0.005mg/ml,0.005,3,0,FALSE,NA
M. oleifera,stem bark,T. evansi,0.005mg/ml,0.005,4,0,FALSE,NA
M. oleifera,stem bark,T. evansi,0.005mg/ml,0.005,5,0,FALSE,NA
M. oleifera,stem bark,T. evansi,0.005mg/ml,0.005,6,0.41,FALSE,NA
M. oleifera,stem bark,T. evansi,0.005mg/ml,0.005,7,1.48,FALSE,NA
M. oleifera,stem bark,T. evansi,0.005mg/ml,0.005,8,3,FALSE,NA
M. oleifera,stem bark,T. evansi,0.005mg/ml,0.005,9,3.56,FALSE,NA
M. oleifera,stem bark,T. evansi,0.005mg/ml,0.005,10,3.98,FALSE,NA
M. oleifera,stem bark,T. evansi,0.005mg/ml,0.005,11,4.59,FALSE,NA
M. oleifera,stem bark,T. evansi,0.005mg/ml,0.005,12,4.76,FALSE,NA
M. oleifera,stem bark,T. evansi,0.005mg/ml,0.005,13,5,FALSE,NA
M. oleifera,stem bark,T. evansi,0.005mg/ml,0.005,14,5,FALSE,NA
M. oleifera,stem bark,T. evansi,0.005mg/ml,0.005,15,5,FALSE,NA
M. oleifera,stem bark,T. evansi,0.005mg/ml,0.005,16,5,FALSE,NA
M. oleifera,stem bark,T. evansi,0.005mg/ml,0.005,17,5,FALSE,NA
M. oleifera,stem bark,T. evansi,0.005mg/ml,0.005,18,5,FALSE,NA
M. oleifera,stem bark,T. evansi,0.005mg/ml,0.005,19,5,FALSE,NA
M. oleifera,stem bark,T. evansi,0.005mg/ml,0.005,20,5,FALSE,NA
M. oleifera,stem bark,T. evansi,0.005mg/ml,0.005,21,NA,TRUE,NA
M. oleifera,stem bark,T. evansi,0.005mg/ml,0.005,22,NA,TRUE,NA
M. oleifera,stem bark,T. evansi,0.005mg/ml,0.005,23,NA,TRUE,NA
M. oleifera,stem bark,T. evansi,0.005mg/ml,0.005,24,NA,TRUE,NA
M. oleifera,stem bark,T. evansi,0.005mg/ml,0.005,25,NA,TRUE,NA
M. oleifera,stem bark,T. evansi,0.005mg/ml,0.005,26,NA,TRUE,NA
M. oleifera,stem bark,T. evansi,0.005mg/ml,0.005,27,NA,TRUE,NA
M. oleifera,stem bark,T. evansi,0.005mg/ml,0.005,28,NA,TRUE,NA
M. oleifera,stem bark,T. evansi,0.005mg/ml,0.005,29,NA,TRUE,NA
M. oleifera,stem bark,T. evansi,0.005mg/ml,0.005,30,NA,TRUE,NA
M. oleifera,stem bark,T. evansi,0.005mg/ml,0.005,31,NA,TRUE,NA
M. oleifera,stem bark,T. evansi,0.005mg/ml,0.005,32,NA,TRUE,NA
M. oleifera,stem bark,T. evansi,0.005mg/ml,0.005,33,NA,TRUE,NA
M. oleifera,stem bark,T. evansi,0.005mg/ml,0.005,34,NA,TRUE,NA
M. oleifera,stem bark,T. evansi,0.005mg/ml,0.005,35,NA,TRUE,NA
M. oleifera,stem bark,T. evansi,0.005mg/ml,0.005,36,NA,TRUE,NA
M. oleifera,stem bark,T. evansi,0.005mg/ml,0.005,37,NA,TRUE,NA
M. oleifera,stem bark,T. evansi,0.005mg/ml,0.005,38,NA,TRUE,NA
M. oleifera,stem bark,T. evansi,0.005mg/ml,0.005,39,NA,TRUE,NA
M. oleifera,stem bark,T. evansi,0.005mg/ml,0.005,40,NA,TRUE,NA
M. oleifera,stem bark,T. evansi,Negative Control,NA,1,0,FALSE,NA
M. oleifera,stem bark,T. evansi,Negative Control,NA,2,0,FALSE,NA
M. oleifera,stem bark,T. evansi,Negative Control,NA,3,0,FALSE,NA
M. oleifera,stem bark,T. evansi,Negative Control,NA,4,0,FALSE,NA
M. oleifera,stem bark,T. evansi,Negative Control,NA,5,0.81,FALSE,NA
M. oleifera,stem bark,T. evansi,Negative Control,NA,6,2.46,FALSE,NA
M. oleifera,stem bark,T. evansi,Negative Control,NA,7,2.98,FALSE,NA
M. oleifera,stem bark,T. evansi,Negative Control,NA,8,3.53,FALSE,NA
M. oleifera,stem bark,T. evansi,Negative Control,NA,9,4.5,FALSE,NA
M. oleifera,stem bark,T. evansi,Negative Control,NA,10,4.77,FALSE,NA
M. oleifera,stem bark,T. evansi,Negative Control,NA,11,4.9,FALSE,NA
M. oleifera,stem bark,T. evansi,Negative Control,NA,12,5,FALSE,NA
M. oleifera,stem bark,T. evansi,Negative Control,NA,13,5,FALSE,NA
M. oleifera,stem bark,T. evansi,Negative Control,NA,14,5,FALSE,NA
M. oleifera,stem bark,T. evansi,Negative Control,NA,15,5,FALSE,NA
M. oleifera,stem bark,T. evansi,Negative Control,NA,16,5,FALSE,NA
M. oleifera,stem bark,T. evansi,Negative Control,NA,17,5,FALSE,NA
M. oleifera,stem bark,T. evansi,Negative Control,NA,18,NA,TRUE,NA
M. oleifera,stem bark,T. evansi,Negative Control,NA,19,NA,TRUE,NA
M. oleifera,stem bark,T. evansi,Negative Control,NA,20,NA,TRUE,NA
M. oleifera,stem bark,T. evansi,Negative Control,NA,21,NA,TRUE,NA
M. oleifera,stem bark,T. evansi,Negative Control,NA,22,NA,TRUE,NA
M. oleifera,stem bark,T. evansi,Negative Control,NA,23,NA,TRUE,NA
M. oleifera,stem bark,T. evansi,Negative Control,NA,24,NA,TRUE,NA
M. oleifera,stem bark,T. evansi,Negative Control,NA,25,NA,TRUE,NA
M. oleifera,stem bark,T. evansi,Negative Control,NA,26,NA,TRUE,NA
M. oleifera,stem bark,T. evansi,Negative Control,NA,27,NA,TRUE,NA
M. oleifera,stem bark,T. evansi,Negative Control,NA,28,NA,TRUE,NA
M. oleifera,stem bark,T. evansi,Negative Control,NA,29,NA,TRUE,NA
M. oleifera,stem bark,T. evansi,Negative Control,NA,30,NA,TRUE,NA
M. oleifera,stem bark,T. evansi,Negative Control,NA,31,NA,TRUE,NA
M. oleifera,stem bark,T. evansi,Negative Control,NA,32,NA,TRUE,NA
M. oleifera,stem bark,T. evansi,Negative Control,NA,33,NA,TRUE,NA
M. oleifera,stem bark,T. evansi,Negative Control,NA,34,NA,TRUE,NA
M. oleifera,stem bark,T. evansi,Negative Control,NA,35,NA,TRUE,NA
M. oleifera,stem bark,T. evansi,Negative Control,NA,36,NA,TRUE,NA
M. oleifera,stem bark,T. evansi,Negative Control,NA,37,NA,TRUE,NA
M. oleifera,stem bark,T. evansi,Negative Control,NA,38,NA,TRUE,NA
M. oleifera,stem bark,T. evansi,Negative Control,NA,39,NA,TRUE,NA
M. oleifera,stem bark,T. evansi,Negative Control,NA,40,NA,TRUE,NA
M. oleifera,stem bark,T. evansi,Positive Control,NA,1,0,FALSE,NA
M. oleifera,stem bark,T. evansi,Positive Control,NA,2,0,FALSE,NA
M. oleifera,stem bark,T. evansi,Positive Control,NA,3,0,FALSE,NA
M. oleifera,stem bark,T. evansi,Positive Control,NA,4,0,FALSE,NA
M. oleifera,stem bark,T. evansi,Positive Control,NA,5,0,FALSE,NA
M. oleifera,stem bark,T. evansi,Positive Control,NA,6,0,FALSE,NA
M. oleifera,stem bark,T. evansi,Positive Control,NA,7,0,FALSE,NA
M. oleifera,stem bark,T. evansi,Positive Control,NA,8,0,FALSE,NA
M. oleifera,stem bark,T. evansi,Positive Control,NA,9,0,FALSE,NA
M. oleifera,stem bark,T. evansi,Positive Control,NA,10,0,FALSE,NA
M. oleifera,stem bark,T. evansi,Positive Control,NA,11,0,FALSE,NA
M. oleifera,stem bark,T. evansi,Positive Control,NA,12,0,FALSE,NA
M. oleifera,stem bark,T. evansi,Positive Control,NA,13,0,FALSE,NA
M. oleifera,stem bark,T. evansi,Positive Control,NA,14,0,FALSE,NA
M. oleifera,stem bark,T. evansi,Positive Control,NA,15,0,FALSE,NA
M. oleifera,stem bark,T. evansi,Positive Control,NA,16,0,FALSE,NA
M. oleifera,stem bark,T. evansi,Positive Control,NA,17,0,FALSE,NA
M. oleifera,stem bark,T. evansi,Positive Control,NA,18,0,FALSE,NA
M. oleifera,stem bark,T. evansi,Positive Control,NA,19,0,FALSE,NA
M. oleifera,stem bark,T. evansi,Positive Control,NA,20,0,FALSE,NA
M. oleifera,stem bark,T. evansi,Positive Control,NA,21,0,FALSE,NA
M. oleifera,stem bark,T. evansi,Positive Control,NA,22,0,FALSE,NA
M. oleifera,stem bark,T. evansi,Positive Control,NA,23,0,FALSE,NA
M. oleifera,stem bark,T. evansi,Positive Control,NA,24,0,FALSE,NA
M. oleifera,stem bark,T. evansi,Positive Control,NA,25,0,FALSE,NA
M. oleifera,stem bark,T. evansi,Positive Control,NA,26,0,FALSE,NA
M. oleifera,stem bark,T. evansi,Positive Control,NA,27,0,FALSE,NA
M. oleifera,stem bark,T. evansi,Positive Control,NA,28,0,FALSE,NA
M. oleifera,stem bark,T. evansi,Positive Control,NA,29,0,FALSE,NA
M. oleifera,stem bark,T. evansi,Positive Control,NA,30,0,FALSE,NA
M. oleifera,stem bark,T. evansi,Positive Control,NA,31,0,FALSE,NA
M. oleifera,stem bark,T. evansi,Positive Control,NA,32,0,FALSE,NA
M. oleifera,stem bark,T. evansi,Positive Control,NA,33,0,FALSE,NA
M. oleifera,stem bark,T. evansi,Positive Control,NA,34,0,FALSE,NA
M. oleifera,stem bark,T. evansi,Positive Control,NA,35,0,FALSE,NA
M. oleifera,stem bark,T. evansi,Positive Control,NA,36,0,FALSE,NA
M. oleifera,stem bark,T. evansi,Positive Control,NA,37,0,FALSE,NA
M. oleifera,stem bark,T. evansi,Positive Control,NA,38,0,FALSE,NA
M. oleifera,stem bark,T. evansi,Positive Control,NA,39,0,FALSE,NA
M. oleifera,stem bark,T. evansi,Positive Control,NA,40,0,FALSE,NA
M. oleifera,leaves,T. evansi,100mg/ml,100,1,0,FALSE,NA
M. oleifera,leaves,T. evansi,100mg/ml,100,2,0,FALSE,NA
M. oleifera,leaves,T. evansi,100mg/ml,100,3,0,FALSE,NA
M. oleifera,leaves,T. evansi,100mg/ml,100,4,0,FALSE,NA
M. oleifera,leaves,T. evansi,100mg/ml,100,5,0,FALSE,NA
M. oleifera,leaves,T. evansi,100mg/ml,100,6,0,FALSE,NA
M. oleifera,leaves,T. evansi,100mg/ml,100,7,0,FALSE,NA
M. oleifera,leaves,T. evansi,100mg/ml,100,8,0,FALSE,NA
M. oleifera,leaves,T. evansi,100mg/ml,100,9,0,FALSE,NA
M. oleifera,leaves,T. evansi,100mg/ml,100,10,0,FALSE,NA
M. oleifera,leaves,T. evansi,100mg/ml,100,11,0,FALSE,NA
M. oleifera,leaves,T. evansi,100mg/ml,100,12,0,FALSE,NA
M. oleifera,leaves,T. evansi,100mg/ml,100,13,0,FALSE,NA
M. oleifera,leaves,T. evansi,100mg/ml,100,14,0,FALSE,NA
M. oleifera,leaves,T. evansi,100mg/ml,100,15,0,FALSE,NA
M. oleifera,leaves,T. evansi,100mg/ml,100,16,0,FALSE,NA
M. oleifera,leaves,T. evansi,100mg/ml,100,17,0,FALSE,NA
M. oleifera,leaves,T. evansi,100mg/ml,100,18,0,FALSE,NA
M. oleifera,leaves,T. evansi,100mg/ml,100,19,0,FALSE,NA
M. oleifera,leaves,T. evansi,100mg/ml,100,20,0,FALSE,NA
M. oleifera,leaves,T. evansi,100mg/ml,100,21,0,FALSE,NA
M. oleifera,leaves,T. evansi,100mg/ml,100,22,0,FALSE,NA
M. oleifera,leaves,T. evansi,100mg/ml,100,23,0,FALSE,NA
M. oleifera,leaves,T. evansi,100mg/ml,100,24,0,FALSE,NA
M. oleifera,leaves,T. evansi,100mg/ml,100,25,0,FALSE,NA
M. oleifera,leaves,T. evansi,100mg/ml,100,26,0,FALSE,NA
M. oleifera,leaves,T. evansi,100mg/ml,100,27,0,FALSE,NA
M. oleifera,leaves,T. evansi,100mg/ml,100,28,0,FALSE,NA
M. oleifera,leaves,T. evansi,100mg/ml,100,29,0,FALSE,NA
M. oleifera,leaves,T. evansi,100mg/ml,100,30,0,FALSE,NA
M. oleifera,leaves,T. evansi,100mg/ml,100,31,0,FALSE,NA
M. oleifera,leaves,T. evansi,100mg/ml,100,32,0,FALSE,NA
M. oleifera,leaves,T. evansi,100mg/ml,100,33,0,FALSE,NA
M. oleifera,leaves,T. evansi,100mg/ml,100,34,0,FALSE,NA
M. oleifera,leaves,T. evansi,100mg/ml,100,35,0,FALSE,NA
M. oleifera,leaves,T. evansi,100mg/ml,100,36,0,FALSE,NA
M. oleifera,leaves,T. evansi,100mg/ml,100,37,0,FALSE,NA
M. oleifera,leaves,T. evansi,100mg/ml,100,38,0,FALSE,NA
M. oleifera,leaves,T. evansi,100mg/ml,100,39,0,FALSE,NA
M. oleifera,leaves,T. evansi,100mg/ml,100,40,0,FALSE,NA
M. oleifera,leaves,T. evansi,10mg/ml,10,1,0,FALSE,NA
M. oleifera,leaves,T. evansi,10mg/ml,10,2,0,FALSE,NA
M. oleifera,leaves,T. evansi,10mg/ml,10,3,0,FALSE,NA
M. oleifera,leaves,T. evansi,10mg/ml,10,4,0,FALSE,NA
M. oleifera,leaves,T. evansi,10mg/ml,10,5,0,FALSE,NA
M. oleifera,leaves,T. evansi,10mg/ml,10,6,0,FALSE,NA
M. oleifera,leaves,T. evansi,10mg/ml,10,7,0,FALSE,NA
M. oleifera,leaves,T. evansi,10mg/ml,10,8,0,FALSE,NA
M. oleifera,leaves,T. evansi,10mg/ml,10,9,0,FALSE,NA
M. oleifera,leaves,T. evansi,10mg/ml,10,10,0,FALSE,NA
M. oleifera,leaves,T. evansi,10mg/ml,10,11,0,FALSE,NA
M. oleifera,leaves,T. evansi,10mg/ml,10,12,0,FALSE,NA
M. oleifera,leaves,T. evansi,10mg/ml,10,13,0,FALSE,NA
M. oleifera,leaves,T. evansi,10mg/ml,10,14,0,FALSE,NA
M. oleifera,leaves,T. evansi,10mg/ml,10,15,0,FALSE,NA
M. oleifera,leaves,T. evansi,10mg/ml,10,16,0,FALSE,NA
M. oleifera,leaves,T. evansi,10mg/ml,10,17,0,FALSE,NA
M. oleifera,leaves,T. evansi,10mg/ml,10,18,0,FALSE,NA
M. oleifera,leaves,T. evansi,10mg/ml,10,19,0,FALSE,NA
M. oleifera,leaves,T. evansi,10mg/ml,10,20,0,FALSE,NA
M. oleifera,leaves,T. evansi,10mg/ml,10,21,0,FALSE,NA
M. oleifera,leaves,T. evansi,10mg/ml,10,22,0,FALSE,NA
M. oleifera,leaves,T. evansi,10mg/ml,10,23,0,FALSE,NA
M. oleifera,leaves,T. evansi,10mg/ml,10,24,0,FALSE,NA
M. oleifera,leaves,T. evansi,10mg/ml,10,25,0,FALSE,NA
M. oleifera,leaves,T. evansi,10mg/ml,10,26,0,FALSE,NA
M. oleifera,leaves,T. evansi,10mg/ml,10,27,0,FALSE,NA
M. oleifera,leaves,T. evansi,10mg/ml,10,28,0,FALSE,NA
M. oleifera,leaves,T. evansi,10mg/ml,10,29,0,FALSE,NA
M. oleifera,leaves,T. evansi,10mg/ml,10,30,0,FALSE,NA
M. oleifera,leaves,T. evansi,10mg/ml,10,31,0,FALSE,NA
M. oleifera,leaves,T. evansi,10mg/ml,10,32,0,FALSE,NA
M. oleifera,leaves,T. evansi,10mg/ml,10,33,0,FALSE,NA
M. oleifera,leaves,T. evansi,10mg/ml,10,34,0,FALSE,NA
M. oleifera,leaves,T. evansi,10mg/ml,10,35,0,FALSE,NA
M. oleifera,leaves,T. evansi,10mg/ml,10,36,0,FALSE,NA
M. oleifera,leaves,T. evansi,10mg/ml,10,37,0,FALSE,NA
M. oleifera,leaves,T. evansi,10mg/ml,10,38,0,FALSE,NA
M. oleifera,leaves,T. evansi,10mg/ml,10,39,0,FALSE,NA
M. oleifera,leaves,T. evansi,10mg/ml,10,40,0,FALSE,NA
M. oleifera,leaves,T. evansi,0.5mg/ml,0.5,1,0,FALSE,NA
M. oleifera,leaves,T. evansi,0.5mg/ml,0.5,2,0,FALSE,NA
M. oleifera,leaves,T. evansi,0.5mg/ml,0.5,3,0,FALSE,NA
M. oleifera,leaves,T. evansi,0.5mg/ml,0.5,4,0,FALSE,NA
M. oleifera,leaves,T. evansi,0.5mg/ml,0.5,5,0,FALSE,NA
M. oleifera,leaves,T. evansi,0.5mg/ml,0.5,6,0,FALSE,NA
M. oleifera,leaves,T. evansi,0.5mg/ml,0.5,7,0,FALSE,NA
M. oleifera,leaves,T. evansi,0.5mg/ml,0.5,8,0,FALSE,NA
M. oleifera,leaves,T. evansi,0.5mg/ml,0.5,9,0,FALSE,NA
M. oleifera,leaves,T. evansi,0.5mg/ml,0.5,10,0,FALSE,NA
M. oleifera,leaves,T. evansi,0.5mg/ml,0.5,11,0,FALSE,NA
M. oleifera,leaves,T. evansi,0.5mg/ml,0.5,12,0,FALSE,NA
M. oleifera,leaves,T. evansi,0.5mg/ml,0.5,13,0,FALSE,NA
M. oleifera,leaves,T. evansi,0.5mg/ml,0.5,14,0,FALSE,NA
M. oleifera,leaves,T. evansi,0.5mg/ml,0.5,15,0,FALSE,NA
M. oleifera,leaves,T. evansi,0.5mg/ml,0.5,16,0,FALSE,NA
M. oleifera,leaves,T. evansi,0.5mg/ml,0.5,17,0,FALSE,NA
M. oleifera,leaves,T. evansi,0.5mg/ml,0.5,18,0,FALSE,NA
M. oleifera,leaves,T. evansi,0.5mg/ml,0.5,19,0,FALSE,NA
M. oleifera,leaves,T. evansi,0.5mg/ml,0.5,20,0,FALSE,NA
M. oleifera,leaves,T. evansi,0.5mg/ml,0.5,21,0,FALSE,NA
M. oleifera,leaves,T. evansi,0.5mg/ml,0.5,22,0,FALSE,NA
M. oleifera,leaves,T. evansi,0.5mg/ml,0.5,23,0,FALSE,NA
M. oleifera,leaves,T. evansi,0.5mg/ml,0.5,24,0,FALSE,NA
M. oleifera,leaves,T. evansi,0.5mg/ml,0.5,25,0,FALSE,NA
M. oleifera,leaves,T. evansi,0.5mg/ml,0.5,26,0,FALSE,NA
M. oleifera,leaves,T. evansi,0.5mg/ml,0.5,27,0,FALSE,NA
M. oleifera,leaves,T. evansi,0.5mg/ml,0.5,28,0,FALSE,NA
M. oleifera,leaves,T. evansi,0.5mg/ml,0.5,29,0,FALSE,NA
M. oleifera,leaves,T. evansi,0.5mg/ml,0.5,30,0,FALSE,NA
M. oleifera,leaves,T. evansi,0.5mg/ml,0.5,31,0,FALSE,NA
M. oleifera,leaves,T. evansi,0.5mg/ml,0.5,32,0,FALSE,NA
M. oleifera,leaves,T. evansi,0.5mg/ml,0.5,33,0,FALSE,NA
M. oleifera,leaves,T. evansi,0.5mg/ml,0.5,34,0,FALSE,NA
M. oleifera,leaves,T. evansi,0.5mg/ml,0.5,35,0,FALSE,NA
M. oleifera,leaves,T. evansi,0.5mg/ml,0.5,36,0,FALSE,NA
M. oleifera,leaves,T. evansi,0.5mg/ml,0.5,37,0,FALSE,NA
M. oleifera,leaves,T. evansi,0.5mg/ml,0.5,38,0,FALSE,NA
M. oleifera,leaves,T. evansi,0.5mg/ml,0.5,39,0,FALSE,NA
M. oleifera,leaves,T. evansi,0.5mg/ml,0.5,40,0,FALSE,NA
M. oleifera,leaves,T. evansi,0.01mg/ml,0.01,1,0,FALSE,NA
M. oleifera,leaves,T. evansi,0.01mg/ml,0.01,2,0,FALSE,NA
M. oleifera,leaves,T. evansi,0.01mg/ml,0.01,3,0,FALSE,NA
M. oleifera,leaves,T. evansi,0.01mg/ml,0.01,4,0,FALSE,NA
M. oleifera,leaves,T. evansi,0.01mg/ml,0.01,5,0,FALSE,NA
M. oleifera,leaves,T. evansi,0.01mg/ml,0.01,6,0,FALSE,NA
M. oleifera,leaves,T. evansi,0.01mg/ml,0.01,7,0,FALSE,NA
M. oleifera,leaves,T. evansi,0.01mg/ml,0.01,8,0,FALSE,NA
M. oleifera,leaves,T. evansi,0.01mg/ml,0.01,9,0,FALSE,NA
M. oleifera,leaves,T. evansi,0.01mg/ml,0.01,10,0,FALSE,NA
M. oleifera,leaves,T. evansi,0.01mg/ml,0.01,11,0,FALSE,NA
M. oleifera,leaves,T. evansi,0.01mg/ml,0.01,12,0,FALSE,NA
M. oleifera,leaves,T. evansi,0.01mg/ml,0.01,13,0,FALSE,NA
M. oleifera,leaves,T. evansi,0.01mg/ml,0.01,14,1,FALSE,NA
M. oleifera,leaves,T. evansi,0.01mg/ml,0.01,15,1.33,FALSE,NA
M. oleifera,leaves,T. evansi,0.01mg/ml,0.01,16,1.49,FALSE,NA
M. oleifera,leaves,T. evansi,0.01mg/ml,0.01,17,1.67,FALSE,NA
M. oleifera,leaves,T. evansi,0.01mg/ml,0.01,18,1.67,FALSE,NA
M. oleifera,leaves,T. evansi,0.01mg/ml,0.01,19,1.67,FALSE,NA
M. oleifera,leaves,T. evansi,0.01mg/ml,0.01,20,1.67,FALSE,NA
M. oleifera,leaves,T. evansi,0.01mg/ml,0.01,21,1.67,FALSE,NA
M. oleifera,leaves,T. evansi,0.01mg/ml,0.01,22,NA,TRUE,NA
M. oleifera,leaves,T. evansi,0.01mg/ml,0.01,23,NA,TRUE,NA
M. oleifera,leaves,T. evansi,0.01mg/ml,0.01,24,NA,TRUE,NA
M. oleifera,leaves,T. evansi,0.01mg/ml,0.01,25,NA,TRUE,NA
M. oleifera,leaves,T. evansi,0.01mg/ml,0.01,26,NA,TRUE,NA
M. oleifera,leaves,T. evansi,0.01mg/ml,0.01,27,NA,TRUE,NA
M. oleifera,leaves,T. evansi,0.01mg/ml,0.01,28,NA,TRUE,NA
M. oleifera,leaves,T. evansi,0.01mg/ml,0.01,29,NA,TRUE,NA
M. oleifera,leaves,T. evansi,0.01mg/ml,0.01,30,NA,TRUE,NA
M. oleifera,leaves,T. evansi,0.01mg/ml,0.01,31,NA,TRUE,NA
M. oleifera,leaves,T. evansi,0.01mg/ml,0.01,32,NA,TRUE,NA
M. oleifera,leaves,T. evansi,0.01mg/ml,0.01,33,NA,TRUE,NA
M. oleifera,leaves,T. evansi,0.01mg/ml,0.01,34,NA,TRUE,NA
M. oleifera,leaves,T. evansi,0.01mg/ml,0.01,35,NA,TRUE,NA
M. oleifera,leaves,T. evansi,0.01mg/ml,0.01,36,NA,TRUE,NA
M. oleifera,leaves,T. evansi,0.01mg/ml,0.01,37,NA,TRUE,NA
M. oleifera,leaves,T. evansi,0.01mg/ml,0.01,38,NA,TRUE,NA
M. oleifera,leaves,T. evansi,0.01mg/ml,0.01,39,NA,TRUE,NA
M. oleifera,leaves,T. evansi,0.01mg/ml,0.01,40,NA,TRUE,NA
M. oleifera,leaves,T. evansi,0.005mg/ml,0.005,1,0,FALSE,NA
M. oleifera,leaves,T. evansi,0.005mg/ml,0.005,2,0,FALSE,NA
M. oleifera,leaves,T. evansi,0.005mg/ml,0.005,3,0,FALSE,NA
M. oleifera,leaves,T. evansi,0.005mg/ml,0.005,4,0,FALSE,NA
M. oleifera,leaves,T. evansi,0.005mg/ml,0.005,5,0,FALSE,NA
M. oleifera,leaves,T. evansi,0.005mg/ml,0.005,6,0,FALSE,NA
M. oleifera,leaves,T. evansi,0.005mg/ml,0.005,7,0,FALSE,NA
M. oleifera,leaves,T. evansi,0.005mg/ml,0.005,8,0,FALSE,NA
M. oleifera,leaves,T. evansi,0.005mg/ml,0.005,9,0,FALSE,NA
M. oleifera,leaves,T. evansi,0.005mg/ml,0.005,10,0.77,FALSE,NA
M. oleifera,leaves,T. evansi,0.005mg/ml,0.005,11,1.33,FALSE,NA
M. oleifera,leaves,T. evansi,0.005mg/ml,0.005,12,1.49,FALSE,NA
M. oleifera,leaves,T. evansi,0.005mg/ml,0.005,13,1.57,FALSE,NA
M. oleifera,leaves,T. evansi,0.005mg/ml,0.005,14,1.67,FALSE,NA
M. oleifera,leaves,T. evansi,0.005mg/ml,0.005,15,1.67,FALSE,NA
M. oleifera,leaves,T. evansi,0.005mg/ml,0.005,16,1.67,FALSE,NA
M. oleifera,leaves,T. evansi,0.005mg/ml,0.005,17,1.67,FALSE,NA
M. oleifera,leaves,T. evansi,0.005mg/ml,0.005,18,1.67,FALSE,NA
M. oleifera,leaves,T. evansi,0.005mg/ml,0.005,19,1.67,FALSE,NA
M. oleifera,leaves,T. evansi,0.005mg/ml,0.005,20,1.67,FALSE,NA
M. oleifera,leaves,T. evansi,0.005mg/ml,0.005,21,1.67,FALSE,NA
M. oleifera,leaves,T. evansi,0.005mg/ml,0.005,22,NA,TRUE,NA
M. oleifera,leaves,T. evansi,0.005mg/ml,0.005,23,NA,TRUE,NA
M. oleifera,leaves,T. evansi,0.005mg/ml,0.005,24,NA,TRUE,NA
M. oleifera,leaves,T. evansi,0.005mg/ml,0.005,25,NA,TRUE,NA
M. oleifera,leaves,T. evansi,0.005mg/ml,0.005,26,NA,TRUE,NA
M. oleifera,leaves,T. evansi,0.005mg/ml,0.005,27,NA,TRUE,NA
M. oleifera,leaves,T. evansi,0.005mg/ml,0.005,28,NA,TRUE,NA
M. oleifera,leaves,T. evansi,0.005mg/ml,0.005,29,NA,TRUE,NA
M. oleifera,leaves,T. evansi,0.005mg/ml,0.005,30,NA,TRUE,NA
M. oleifera,leaves,T. evansi,0.005mg/ml,0.005,31,NA,TRUE,NA
M. oleifera,leaves,T. evansi,0.005mg/ml,0.005,32,NA,TRUE,NA
M. oleifera,leaves,T. evansi,0.005mg/ml,0.005,33,NA,TRUE,NA
M. oleifera,leaves,T. evansi,0.005mg/ml,0.005,34,NA,TRUE,NA
M. oleifera,leaves,T. evansi,0.005mg/ml,0.005,35,NA,TRUE,NA
M. oleifera,leaves,T. evansi,0.005mg/ml,0.005,36,NA,TRUE,NA
M. oleifera,leaves,T. evansi,0.005mg/ml,0.005,37,NA,TRUE,NA
M. oleifera,leaves,T. evansi,0.005mg/ml,0.005,38,NA,TRUE,NA
M. oleifera,leaves,T. evansi,0.005mg/ml,0.005,39,NA,TRUE,NA
M. oleifera,leaves,T. evansi,0.005mg/ml,0.005,40,NA,TRUE,NA
M. oleifera,leaves,T. evansi,Negative Control,NA,1,0,FALSE,NA
M. oleifera,leaves,T. evansi,Negative Control,NA,2,0,FALSE,NA
M. oleifera,leaves,T. evansi,Negative Control,NA,3,0,FALSE,NA
M. oleifera,leaves,T. evansi,Negative Control,NA,4,0,FALSE,NA
M. oleifera,leaves,T. evansi,Negative Control,NA,5,0,FALSE,NA
M. oleifera,leaves,T. evansi,Negative Control,NA,6,0,FALSE,NA
M. oleifera,leaves,T. evansi,Negative Control,NA,7,0,FALSE,NA
M. oleifera,leaves,T. evansi,Negative Control,NA,8,0,FALSE,NA
M. oleifera,leaves,T. evansi,Negative Control,NA,9,0.41,FALSE,NA
M. oleifera,leaves,T. evansi,Negative Control,NA,10,1,FALSE,NA
M. oleifera,leaves,T. evansi,Negative Control,NA,11,2.39,FALSE,NA
M. oleifera,leaves,T. evansi,Negative Control,NA,12,2.83,FALSE,NA
M. oleifera,leaves,T. evansi,Negative Control,NA,13,2.69,FALSE,NA
M. oleifera,leaves,T. evansi,Negative Control,NA,14,2.63,FALSE,NA
M. oleifera,leaves,T. evansi,Negative Control,NA,15,4.23,FALSE,NA
M. oleifera,leaves,T. evansi,Negative Control,NA,16,4.55,FALSE,NA
M. oleifera,leaves,T. evansi,Negative Control,NA,17,4.63,FALSE,NA
M. oleifera,leaves,T. evansi,Negative Control,NA,18,4.57,FALSE,NA
M. oleifera,leaves,T. evansi,Negative Control,NA,19,4.67,FALSE,NA
M. oleifera,leaves,T. evansi,Negative Control,NA,20,4.9,FALSE,NA
M. oleifera,leaves,T. evansi,Negative Control,NA,21,4.95,FALSE,NA
M. oleifera,leaves,T. evansi,Negative Control,NA,22,5,FALSE,NA
M. oleifera,leaves,T. evansi,Negative Control,NA,23,5,FALSE,NA
M. oleifera,leaves,T. evansi,Negative Control,NA,24,5,FALSE,NA
M. oleifera,leaves,T. evansi,Negative Control,NA,25,NA,TRUE,NA
M. oleifera,leaves,T. evansi,Negative Control,NA,26,NA,TRUE,NA
M. oleifera,leaves,T. evansi,Negative Control,NA,27,NA,TRUE,NA
M. oleifera,leaves,T. evansi,Negative Control,NA,28,NA,TRUE,NA
M. oleifera,leaves,T. evansi,Negative Control,NA,29,NA,TRUE,NA
M. oleifera,leaves,T. evansi,Negative Control,NA,30,NA,TRUE,NA
M. oleifera,leaves,T. evansi,Negative Control,NA,31,NA,TRUE,NA
M. oleifera,leaves,T. evansi,Negative Control,NA,32,NA,TRUE,NA
M. oleifera,leaves,T. evansi,Negative Control,NA,33,NA,TRUE,NA
M. oleifera,leaves,T. evansi,Negative Control,NA,34,NA,TRUE,NA
M. oleifera,leaves,T. evansi,Negative Control,NA,35,NA,TRUE,NA
M. oleifera,leaves,T. evansi,Negative Control,NA,36,NA,TRUE,NA
M. oleifera,leaves,T. evansi,Negative Control,NA,37,NA,TRUE,NA
M. oleifera,leaves,T. evansi,Negative Control,NA,38,NA,TRUE,NA
M. oleifera,leaves,T. evansi,Negative Control,NA,39,NA,TRUE,NA
M. oleifera,leaves,T. evansi,Negative Control,NA,40,NA,TRUE,NA
M. oleifera,leaves,T. evansi,Positive Control,NA,1,0,FALSE,NA
M. oleifera,leaves,T. evansi,Positive Control,NA,2,0,FALSE,NA
M. oleifera,leaves,T. evansi,Positive Control,NA,3,0,FALSE,NA
M. oleifera,leaves,T. evansi,Positive Control,NA,4,0,FALSE,NA
M. oleifera,leaves,T. evansi,Positive Control,NA,5,0,FALSE,NA
M. oleifera,leaves,T. evansi,Positive Control,NA,6,0,FALSE,NA
M. oleifera,leaves,T. evansi,Positive Control,NA,7,0,FALSE,NA
M. oleifera,leaves,T. evansi,Positive Control,NA,8,0,FALSE,NA
M. oleifera,leaves,T. evansi,Positive Control,NA,9,0,FALSE,NA
M. oleifera,leaves,T. evansi,Positive Control,NA,10,0,FALSE,NA
M. oleifera,leaves,T. evansi,Positive Control,NA,11,0,FALSE,NA
M. oleifera,leaves,T. evansi,Positive Control,NA,12,0,FALSE,NA
M. oleifera,leaves,T. evansi,Positive Control,NA,13,0,FALSE,NA
M. oleifera,leaves,T. evansi,Positive Control,NA,14,0,FALSE,NA
M. oleifera,leaves,T. evansi,Positive Control,NA,15,0,FALSE,NA
M. oleifera,leaves,T. evansi,Positive Control,NA,16,0,FALSE,NA
M. oleifera,leaves,T. evansi,Positive Control,NA,17,0,FALSE,NA
M. oleifera,leaves,T. evansi,Positive Control,NA,18,0,FALSE,NA
M. oleifera,leaves,T. evansi,Positive Control,NA,19,0,FALSE,NA
M. oleifera,leaves,T. evansi,Positive Control,NA,20,0,FALSE,NA
M. oleifera,leaves,T. evansi,Positive Control,NA,21,0,FALSE,NA
M. oleifera,leaves,T. evansi,Positive Control,NA,22,0,FALSE,NA
M. oleifera,leaves,T. evansi,Positive Control,NA,23,0,FALSE,NA
M. oleifera,leaves,T. evansi,Positive Control,NA,24,0,FALSE,NA
M. oleifera,leaves,T. evansi,Positive Control,NA,25,0,FALSE,NA
M. oleifera,leaves,T. evansi,Positive Control,NA,26,0,FALSE,NA
M. oleifera,leaves,T. evansi,Positive Control,NA,27,0,FALSE,NA
M. oleifera,leaves,T. evansi,Positive Control,NA,28,0,FALSE,NA
M. oleifera,leaves,T. evansi,Positive Control,NA,29,0,FALSE,NA
M. oleifera,leaves,T. evansi,Positive Control,NA,30,0,FALSE,NA
M. oleifera,leaves,T. evansi,Positive Control,NA,31,0,FALSE,NA
M. oleifera,leaves,T. evansi,Positive Control,NA,32,0,FALSE,NA
M. oleifera,leaves,T. evansi,Positive Control,NA,33,0,FALSE,NA
M. oleifera,leaves,T. evansi,Positive Control,NA,34,0,FALSE,NA
M. oleifera,leaves,T. evansi,Positive Control,NA,35,0,FALSE,NA
M. oleifera,leaves,T. evansi,Positive Control,NA,36,0,FALSE,NA
M. oleifera,leaves,T. evansi,Positive Control,NA,37,0,FALSE,NA
M. oleifera,leaves,T. evansi,Positive Control,NA,38,0,FALSE,NA
M. oleifera,leaves,T. evansi,Positive Control,NA,39,0,FALSE,NA
M. oleifera,leaves,T. evansi,Positive Control,NA,40,0,FALSE,NA
